{"learning_rate": 0.853123285259481, "max_depth": 10, "min_child_weight": 3, "gamma": 0.9676374829797849, "reg_lambda": 1.279852402814742, "reg_alpha": 0.9122476683290035, "max_bin": 64, "colsample_bytree": 0.47192695359497094, "colsample_bylevel": 0.9495529179818568, "colsample_bynode": 0.8440292844247117, "subsample": 0.4737523522357983, "grow_policy": "depthwise", "refresh_leaf": 1, "num_parallel_tree": 7, "objective": "binary:hinge", "num_boost_round": 23, "early_stopping_rounds": 19, "min_delta": 4.267685913023139e-06, "eval_metric": ["error", "auc", "logloss"]}