{"C": 2.423834589094742, "kernel": "rbf", "gamma": 0.24540561948528994, "shrinking": false, "tol": 0.03742904127059868, "max_iter": 3832}