{"learning_rate": 0.8584999002795402, "max_depth": 5, "min_child_weight": 3, "gamma": 0.6632771082060298, "reg_lambda": 2.3049700030380817, "reg_alpha": 1.573622490574074, "max_bin": 16, "colsample_bytree": 0.4189939838272748, "colsample_bylevel": 0.8761852589724449, "colsample_bynode": 0.926192320014742, "subsample": 0.641575736230032, "grow_policy": "depthwise", "refresh_leaf": 1, "num_parallel_tree": 15, "objective": "binary:logistic", "num_boost_round": 9, "early_stopping_rounds": 7, "min_delta": 0.0008248184898531238, "eval_metric": ["error", "auc", "logloss"]}