{"C": 2.1253169770951876, "kernel": "rbf", "gamma": 0.27257119323929807, "shrinking": false, "tol": 0.02609752496957663, "max_iter": 206}