{"learning_rate": 0.6015349976332292, "max_depth": 10, "min_child_weight": 5, "gamma": 0.1306845105567738, "reg_lambda": 1.5632426592589206, "reg_alpha": 0.601046495404448, "max_bin": 64, "colsample_bytree": 0.5700256055830945, "colsample_bylevel": 0.43914536401233084, "colsample_bynode": 0.685753988032083, "subsample": 0.8693464377309287, "grow_policy": "depthwise", "refresh_leaf": 0, "num_parallel_tree": 4, "objective": "reg:squarederror", "num_boost_round": 21, "early_stopping_rounds": 10, "min_delta": 0.0016936919313577283, "eval_metric": ["error", "auc", "logloss"]}