{"C": 3.2062873449968974, "kernel": "rbf", "gamma": 0.2511621055250811, "shrinking": false, "tol": 0.010896295053366764, "max_iter": 4766}