{"learning_rate": 0.07583791611273523, "max_depth": 10, "min_child_weight": 1, "gamma": 1.5336106912890348, "reg_lambda": 3.6534935668912936, "reg_alpha": 1.4833839427235436, "max_bin": 512, "colsample_bytree": 0.9005719313266102, "colsample_bylevel": 0.4338139543744892, "colsample_bynode": 0.6180119160152555, "subsample": 0.9874391193202156, "grow_policy": "depthwise", "refresh_leaf": 0, "num_parallel_tree": 15, "objective": "binary:logitraw", "num_boost_round": 16, "early_stopping_rounds": 20, "min_delta": 0.00033141249837357717, "eval_metric": ["error", "auc", "logloss"]}