{"learning_rate": 0.042030083083986265, "max_depth": 9, "min_child_weight": 2, "gamma": 0.1233213546605163, "reg_lambda": 0.5188107181575425, "reg_alpha": 0.08658714567150366, "max_bin": 32, "colsample_bytree": 0.6188915637826687, "colsample_bylevel": 0.8306077337721527, "colsample_bynode": 0.546829400020383, "subsample": 0.7901451138903638, "grow_policy": "depthwise", "refresh_leaf": 0, "num_parallel_tree": 13, "objective": "binary:logitraw", "num_boost_round": 18, "early_stopping_rounds": 18, "min_delta": 0.007387920109599406, "eval_metric": ["error", "auc", "logloss"]}