{"C": 2.319308159556011, "kernel": "rbf", "gamma": 0.23119717689110303, "shrinking": false, "tol": 0.3363984351124807, "max_iter": 4666}