{"learning_rate": 0.062173257591300955, "max_depth": 5, "min_child_weight": 1, "gamma": 1.2678655924481455, "reg_lambda": 1.8239488560574206, "reg_alpha": 2.806853215394476, "max_bin": 256, "colsample_bytree": 0.71303386089771, "colsample_bylevel": 0.6596898786438674, "colsample_bynode": 0.7964412974549784, "subsample": 0.9208851485053934, "grow_policy": "lossguide", "refresh_leaf": 0, "num_parallel_tree": 13, "objective": "binary:logitraw", "num_boost_round": 19, "early_stopping_rounds": 6, "min_delta": 0.01139027547287685, "eval_metric": ["error", "auc", "logloss"]}