{"learning_rate": 0.6785220439852286, "max_depth": 2, "min_child_weight": 4, "gamma": 0.41971773821756264, "reg_lambda": 1.2685074750368828, "reg_alpha": 1.497912099568959, "max_bin": 128, "colsample_bytree": 0.9036718839430959, "colsample_bylevel": 0.5728254914066848, "colsample_bynode": 0.49489518253543796, "subsample": 0.40642990342068563, "grow_policy": "depthwise", "refresh_leaf": 0, "num_parallel_tree": 6, "objective": "reg:squarederror", "num_boost_round": 20, "early_stopping_rounds": 5, "min_delta": 0.0007041274796959845, "eval_metric": ["error", "auc", "logloss"]}