{"learning_rate": 0.8250542935663338, "max_depth": 9, "min_child_weight": 8, "gamma": 0.4286397931021247, "reg_lambda": 2.041329175678606, "reg_alpha": 0.013436406016927471, "max_bin": 128, "colsample_bytree": 0.4114170711703276, "colsample_bylevel": 0.624502990612496, "colsample_bynode": 0.7965800686218055, "subsample": 0.8955548699474621, "grow_policy": "lossguide", "refresh_leaf": 1, "num_parallel_tree": 15, "objective": "reg:squarederror", "num_boost_round": 23, "early_stopping_rounds": 23, "min_delta": 0.00037607794160580266, "eval_metric": ["error", "auc", "logloss"]}