{"learning_rate": 0.9995025524165145, "max_depth": 9, "min_child_weight": 6, "gamma": 6.7995230026063584, "reg_lambda": 0.5344437359928631, "reg_alpha": 0.7106549611848273, "max_bin": 16, "colsample_bytree": 0.5944701347864315, "colsample_bylevel": 0.9127143612475533, "colsample_bynode": 0.7993436813013325, "subsample": 0.773143733969431, "grow_policy": "lossguide", "refresh_leaf": 0, "num_parallel_tree": 6, "objective": "binary:hinge", "num_boost_round": 12, "early_stopping_rounds": 7, "min_delta": 8.055775236135805e-05, "eval_metric": ["error", "auc", "logloss"]}