{"learning_rate": 0.11995952632446444, "max_depth": 8, "min_child_weight": 1, "gamma": 4.086399044178208, "reg_lambda": 1.79750105475397, "reg_alpha": 1.3644771795073807, "max_bin": 512, "colsample_bytree": 0.8304034787140163, "colsample_bylevel": 0.5531763935659394, "colsample_bynode": 0.5275456430636266, "subsample": 0.8822052150662704, "grow_policy": "depthwise", "refresh_leaf": 0, "num_parallel_tree": 15, "objective": "binary:logitraw", "num_boost_round": 6, "early_stopping_rounds": 23, "min_delta": 3.494838112796282e-06, "eval_metric": ["error", "auc", "logloss"]}