{"C": 1.5436029522761898, "kernel": "rbf", "gamma": 0.298489085221389, "shrinking": false, "tol": 0.0314118199349899, "max_iter": 2863}