{"learning_rate": 0.7771570370338104, "max_depth": 8, "min_child_weight": 1, "gamma": 0.33493404471369775, "reg_lambda": 1.3175760572161086, "reg_alpha": 4.356270816069869, "max_bin": 32, "colsample_bytree": 0.5749054324083962, "colsample_bylevel": 0.8688519706490244, "colsample_bynode": 0.784256104879139, "subsample": 0.663373036204127, "grow_policy": "depthwise", "refresh_leaf": 0, "num_parallel_tree": 11, "objective": "binary:logistic", "num_boost_round": 19, "early_stopping_rounds": 14, "min_delta": 1.2475534713587723e-05, "eval_metric": ["error", "auc", "logloss"]}