{"learning_rate": 0.6689490611173888, "max_depth": 3, "min_child_weight": 2, "gamma": 0.8184410519417135, "reg_lambda": 0.008747730431357237, "reg_alpha": 3.2733009432004945, "max_bin": 32, "colsample_bytree": 0.7828091801063448, "colsample_bylevel": 0.4327203875460388, "colsample_bynode": 0.8555468238050173, "subsample": 0.9109504417132146, "grow_policy": "depthwise", "refresh_leaf": 0, "num_parallel_tree": 3, "objective": "binary:logistic", "num_boost_round": 24, "early_stopping_rounds": 6, "min_delta": 0.008884031141334474, "eval_metric": ["error", "auc", "logloss"]}