{"C": 3.945065760809901, "kernel": "rbf", "gamma": 0.3049518101570354, "shrinking": false, "tol": 0.17031026560744267, "max_iter": 1288}