{"learning_rate": 0.4929766584252467, "max_depth": 9, "min_child_weight": 1, "gamma": 0.629663071445656, "reg_lambda": 2.5089860456214144, "reg_alpha": 0.5090253113728661, "max_bin": 64, "colsample_bytree": 0.5518860829634076, "colsample_bylevel": 0.9833084202113809, "colsample_bynode": 0.91684886611672, "subsample": 0.9080858921317418, "grow_policy": "depthwise", "refresh_leaf": 1, "num_parallel_tree": 14, "objective": "binary:logistic", "num_boost_round": 25, "early_stopping_rounds": 13, "min_delta": 4.105242856168974e-06, "eval_metric": ["error", "auc", "logloss"]}