{"learning_rate": 0.9952354562664529, "max_depth": 7, "min_child_weight": 6, "gamma": 0.5550536744039914, "reg_lambda": 3.3256102073755964, "reg_alpha": 0.01441308584478801, "max_bin": 16, "colsample_bytree": 0.9461459398740856, "colsample_bylevel": 0.8463645518853016, "colsample_bynode": 0.5953048479884416, "subsample": 0.8544826994335124, "grow_policy": "lossguide", "refresh_leaf": 1, "num_parallel_tree": 7, "objective": "binary:hinge", "num_boost_round": 16, "early_stopping_rounds": 9, "min_delta": 3.707484199740823e-05, "eval_metric": ["error", "auc", "logloss"]}