{"C": 1.5970972291335397, "kernel": "rbf", "gamma": 0.3517766696045349, "shrinking": false, "tol": 0.31398556644729103, "max_iter": 3905}