{"learning_rate": 0.1649247981204979, "max_depth": 6, "min_child_weight": 1, "gamma": 0.4672422493156576, "reg_lambda": 1.0106857634750352, "reg_alpha": 1.0099978854878158, "max_bin": 32, "colsample_bytree": 0.8988702640773819, "colsample_bylevel": 0.2506232883273973, "colsample_bynode": 0.6299510026340793, "subsample": 0.9525084388299397, "grow_policy": "depthwise", "refresh_leaf": 1, "num_parallel_tree": 1, "objective": "binary:logistic", "num_boost_round": 20, "early_stopping_rounds": 13, "min_delta": 0.0031208016816213417, "eval_metric": ["error", "auc", "logloss"]}