{"C": 3.8798977823111196, "kernel": "rbf", "gamma": 0.22520641866500907, "shrinking": false, "tol": 0.12555801681978382, "max_iter": 409}