{"learning_rate": 0.7573938491375942, "max_depth": 8, "min_child_weight": 3, "gamma": 0.5603760212517246, "reg_lambda": 0.22022155056066, "reg_alpha": 1.3164781121323892, "max_bin": 16, "colsample_bytree": 0.6547592445336831, "colsample_bylevel": 0.956325917227598, "colsample_bynode": 0.8385047334088964, "subsample": 0.8168738544726458, "grow_policy": "depthwise", "refresh_leaf": 1, "num_parallel_tree": 8, "objective": "binary:hinge", "num_boost_round": 25, "early_stopping_rounds": 10, "min_delta": 0.030656564295501686, "eval_metric": ["error", "auc", "logloss"]}