{
    "0": {
            "learning_rate": 0.0425295918183382, 
            "max_depth": 8,
            "min_child_weight": 3, 
            "gamma": 3.8981695539799532, 
            "reg_lambda": 0.015319966632029725, 
            "reg_alpha": 0.7490250238770085, "max_bin": 64, 
            "colsample_bytree": 0.7132390013157829, 
            "colsample_bylevel": 0.6151589340788726, 
            "colsample_bynode": 0.5541931983229073, 
            "subsample": 0.7771547568628487, 
            "grow_policy": "depthwise", 
            "refresh_leaf": 1, 
            "num_parallel_tree": 3, 
            "objective": "binary:logitraw", 
            "num_boost_round": 22, 
            "early_stopping_rounds": 8, 
            "min_delta": 0.019200855447038548, 
            "eval_metric": ["error", "auc", "logloss"]}, 
    "1": {
            "learning_rate": 0.4830630143281101, 
            "max_depth": 6, 
            "min_child_weight": 1, 
            "gamma": 2.831595006114092, 
            "reg_lambda": 0.5862726095531214, 
            "reg_alpha": 2.374927885065924, 
            "max_bin": 128, 
            "colsample_bytree": 0.7608290257210911, 
            "colsample_bylevel": 0.5145768885293575, 
            "colsample_bynode": 0.8905281813954286, 
            "subsample": 0.9735589825975817, 
            "grow_policy": "depthwise", 
            "refresh_leaf": 0, 
            "num_parallel_tree": 4, 
            "objective": "binary:logistic", 
            "num_boost_round": 23, 
            "early_stopping_rounds": 17, 
            "min_delta": 0.010477711352952487, 
            "eval_metric": ["error", "auc", "logloss"]}, 
            "2": {"learning_rate": 0.14807759112341135, 
            "max_depth": 5, 
            "min_child_weight": 1, 
            "gamma": 2.3096265562818146, 
            "reg_lambda": 1.5256211387916612, 
            "reg_alpha": 4.260402286083333, 
            "max_bin": 256, 
            "colsample_bytree": 0.7402183954391913, 
            "colsample_bylevel": 0.6544479388251447, 
            "colsample_bynode": 0.9760746349849847, 
            "subsample": 0.9712303223580117, 
            "grow_policy": "lossguide", 
            "refresh_leaf": 0, 
            "num_parallel_tree": 14, 
            "objective": "binary:logistic", 
            "num_boost_round": 25, 
            "early_stopping_rounds": 7, 
            "min_delta": 0.013326038987851903, 
            "eval_metric": ["error", "auc", "logloss"]}, 
    "3": {
            "learning_rate": 0.04575901530321184, 
            "max_depth": 9, 
            "min_child_weight": 3, 
            "gamma": 1.4684591546532517, 
            "reg_lambda": 1.4889371883963605, 
            "reg_alpha": 2.9157108386347312, 
            "max_bin": 128, 
            "colsample_bytree": 0.7930533725443462, 
            "colsample_bylevel": 0.7894449178890471, 
            "colsample_bynode": 0.6132507182384374,
            "subsample": 0.9047186795840565, 
            "grow_policy": "lossguide", 
            "refresh_leaf": 0, 
            "num_parallel_tree": 14, 
            "objective": "binary:logitraw", 
            "num_boost_round": 7, 
            "early_stopping_rounds": 12, 
            "min_delta": 1.0395406551408594e-06, 
            "eval_metric": ["error", "auc", "logloss"]}, 
    "4": {
            "learning_rate": 0.994380977310541,
             "max_depth": 10, 
             "min_child_weight": 1, 
             "gamma": 1.5597041208270068, 
             "reg_lambda": 1.1477615677012416, 
             "reg_alpha": 0.41590732702297695, 
             "max_bin": 256, 
             "colsample_bytree": 0.44909025550825044, 
             "colsample_bylevel": 0.9058016924860097, 
             "colsample_bynode": 0.9107733954677415, 
             "subsample": 0.8816660752620349, 
             "grow_policy": "depthwise", 
             "refresh_leaf": 1, "num_parallel_tree": 14, "objective": "binary:logistic", "num_boost_round": 5, "early_stopping_rounds": 11, "min_delta": 0.0001722910881299838, "eval_metric": ["error", "auc", "logloss"]}, 
    "5": {
            "learning_rate": 0.7942236577341113, "max_depth": 4, "min_child_weight": 3, "gamma": 2.237635777174284, "reg_lambda": 5.189730570441905, "reg_alpha": 0.013992465532326286, "max_bin": 64, "colsample_bytree": 0.9235996841583399, "colsample_bylevel": 0.5510774604279716, "colsample_bynode": 0.637842763150047, "subsample": 0.7196739548383495, "grow_policy": "depthwise", "refresh_leaf": 1, "num_parallel_tree": 10, "objective": "binary:logistic", "num_boost_round": 24, "early_stopping_rounds": 19, "min_delta": 0.0009989444217716323, "eval_metric": ["error", "auc", "logloss"]}, 
    "6": {
            "learning_rate": 0.6466809607905234, "max_depth": 10, "min_child_weight": 2, "gamma": 0.567800782175556, "reg_lambda": 1.5379590480044179, "reg_alpha": 2.526868705667824, "max_bin": 64, "colsample_bytree": 0.39256311290192164, "colsample_bylevel": 0.9600566046003948, "colsample_bynode": 0.6984701005908299, "subsample": 0.7283626448924538, "grow_policy": "depthwise", "refresh_leaf": 1, "num_parallel_tree": 4, "objective": "binary:logistic", "num_boost_round": 25, "early_stopping_rounds": 24, "min_delta": 0.02131309133553372, "eval_metric": ["error", "auc", "logloss"]}, 
    "7": {
            "learning_rate": 0.12680018762485387, "max_depth": 3, "min_child_weight": 2, "gamma": 9.50694166961282, "reg_lambda": 0.5984055553498021, "reg_alpha": 0.5804459889666362, "max_bin": 16, "colsample_bytree": 0.6102519825638676, "colsample_bylevel": 0.6089886865250663, "colsample_bynode": 0.4175613851803808, "subsample": 0.8050199475487181, "grow_policy": "depthwise", "refresh_leaf": 0, "num_parallel_tree": 14, "objective": "binary:logitraw", "num_boost_round": 22, "early_stopping_rounds": 17, "min_delta": 2.082512868948216e-06, "eval_metric": ["error", "auc", "logloss"]}}