{"0": {"learning_rate": 0.6148057432071831, "max_depth": 7, "min_child_weight": 1, "gamma": 2.4519767749490513, "reg_lambda": 1.2990485142144759, "reg_alpha": 0.35025395342628907, "max_bin": 16, "colsample_bytree": 0.5188482457622067, "colsample_bylevel": 0.708651915424137, "colsample_bynode": 0.5760814397902582, "subsample": 0.9853114129419096, "grow_policy": "lossguide", "refresh_leaf": 1, "num_parallel_tree": 15, "objective": "binary:logistic", "early_stopping_rounds": 3, "min_delta": 0.0014851611536373123, "eval_metric": ["error", "logloss"]}, "1": {"learning_rate": 0.8168233391546671, "max_depth": 5, "min_child_weight": 3, "gamma": 4.142540990473877, "reg_lambda": 2.8628417778203947, "reg_alpha": 0.4229473361687647, "max_bin": 128, "colsample_bytree": 0.9807994454439475, "colsample_bylevel": 0.942622677375131, "colsample_bynode": 0.6198824505448137, "subsample": 0.9226908453636743, "grow_policy": "depthwise", "refresh_leaf": 1, "num_parallel_tree": 9, "objective": "binary:logistic", "early_stopping_rounds": 2, "min_delta": 0.0006788909151978496, "eval_metric": ["error", "logloss"]}, "2": {"learning_rate": 0.8985307507709897, "max_depth": 7, "min_child_weight": 6, "gamma": 1.1293960853055025, "reg_lambda": 0.5652067329302995, "reg_alpha": 0.7637837831081808, "max_bin": 16, "colsample_bytree": 0.961272044394418, "colsample_bylevel": 0.8906801733098334, "colsample_bynode": 0.3944138447408809, "subsample": 0.9491067714212506, "grow_policy": "lossguide", "refresh_leaf": 1, "num_parallel_tree": 14, "objective": "binary:logistic", "early_stopping_rounds": 2, "min_delta": 1.1371419117040261e-05, "eval_metric": ["error", "logloss"]}, "3": {"learning_rate": 0.7941786988794851, "max_depth": 8, "min_child_weight": 2, "gamma": 0.6537291162590373, "reg_lambda": 0.6373481779620058, "reg_alpha": 0.9926101053764445, "max_bin": 16, "colsample_bytree": 0.8378487275526253, "colsample_bylevel": 0.41285019989940286, "colsample_bynode": 0.9061575590442461, "subsample": 0.9686716513527972, "grow_policy": "lossguide", "refresh_leaf": 1, "num_parallel_tree": 13, "objective": "binary:logistic", "early_stopping_rounds": 5, "min_delta": 2.0405440103848566e-06, "eval_metric": ["error", "logloss"]}, "4": {"learning_rate": 0.8419912588536915, "max_depth": 5, "min_child_weight": 4, "gamma": 2.6299503813899996, "reg_lambda": 0.6697935832708665, "reg_alpha": 1.1285730552109952, "max_bin": 64, "colsample_bytree": 0.7928317758444949, "colsample_bylevel": 0.7702305644941667, "colsample_bynode": 0.5482003715278946, "subsample": 0.9687573808514655, "grow_policy": "depthwise", "refresh_leaf": 1, "num_parallel_tree": 12, "objective": "binary:logistic", "early_stopping_rounds": 4, "min_delta": 3.871357179212201e-06, "eval_metric": ["error", "logloss"]}, "5": {"learning_rate": 0.7117066083054614, "max_depth": 4, "min_child_weight": 3, "gamma": 1.9868820725098861, "reg_lambda": 1.14067585562744, "reg_alpha": 0.3360904678803416, "max_bin": 16, "colsample_bytree": 0.8281273081147189, "colsample_bylevel": 0.7112270819504946, "colsample_bynode": 0.797329835050123, "subsample": 0.9226740810299738, "grow_policy": "depthwise", "refresh_leaf": 1, "num_parallel_tree": 3, "objective": "binary:logistic", "early_stopping_rounds": 3, "min_delta": 0.05025598700497142, "eval_metric": ["error", "logloss"]}, "6": {"learning_rate": 0.4532188432782049, "max_depth": 5, "min_child_weight": 1, "gamma": 0.8514858297484562, "reg_lambda": 1.8772149009016283, "reg_alpha": 0.5073991690080062, "max_bin": 16, "colsample_bytree": 0.9107152655796049, "colsample_bylevel": 0.6445402492402875, "colsample_bynode": 0.621998876067436, "subsample": 0.8519592399366058, "grow_policy": "depthwise", "refresh_leaf": 1, "num_parallel_tree": 4, "objective": "binary:logistic", "early_stopping_rounds": 4, "min_delta": 1.1515723516329106e-05, "eval_metric": ["error", "logloss"]}, "7": {"learning_rate": 0.4586000196596958, "max_depth": 8, "min_child_weight": 2, "gamma": 2.056852133947768, "reg_lambda": 1.2334210388541014, "reg_alpha": 0.7485847777295596, "max_bin": 128, "colsample_bytree": 0.945934279407694, "colsample_bylevel": 0.9516902211208041, "colsample_bynode": 0.48280896115337174, "subsample": 0.9979762484657372, "grow_policy": "depthwise", "refresh_leaf": 1, "num_parallel_tree": 14, "objective": "binary:logistic", "early_stopping_rounds": 4, "min_delta": 0.0018331831450996866, "eval_metric": ["error", "logloss"]}}