{"0": {"learning_rate": 0.9203555371467138, "max_depth": 8, "min_child_weight": 3, "gamma": 1.2287811894609493, "reg_lambda": 1.5981596933747018, "reg_alpha": 0.24819273643351997, "max_bin": 64, "colsample_bytree": 0.9269754540724017, "colsample_bylevel": 0.4069357340491371, "colsample_bynode": 0.4712037351970146, "subsample": 0.7609570002283585, "grow_policy": "depthwise", "refresh_leaf": 0, "num_parallel_tree": 11, "objective": "binary:logistic", "num_boost_round": 6, "early_stopping_rounds": 12, "min_delta": 0.008356365656823456, "eval_metric": ["error", "auc", "logloss"]}, "1": {"learning_rate": 0.8379008323182644, "max_depth": 5, "min_child_weight": 1, "gamma": 0.4145760373540628, "reg_lambda": 5.720679821281804, "reg_alpha": 0.2653444008666974, "max_bin": 32, "colsample_bytree": 0.8015795694012716, "colsample_bylevel": 0.9464114947890077, "colsample_bynode": 0.961825479111803, "subsample": 0.6324698034796453, "grow_policy": "depthwise", "refresh_leaf": 1, "num_parallel_tree": 12, "objective": "binary:logistic", "num_boost_round": 6, "early_stopping_rounds": 5, "min_delta": 0.0056721651320175105, "eval_metric": ["error", "auc", "logloss"]}, "2": {"learning_rate": 0.5137787976513637, "max_depth": 9, "min_child_weight": 1, "gamma": 1.6733745241798892, "reg_lambda": 5.029751068519546, "reg_alpha": 1.18738029524847, "max_bin": 512, "colsample_bytree": 0.9921014576778593, "colsample_bylevel": 0.7657550821769771, "colsample_bynode": 0.6327524799469804, "subsample": 0.5040333879274086, "grow_policy": "depthwise", "refresh_leaf": 1, "num_parallel_tree": 6, "objective": "binary:logistic", "num_boost_round": 6, "early_stopping_rounds": 4, "min_delta": 0.01867418039857908, "eval_metric": ["error", "auc", "logloss"]}, "3": {"learning_rate": 0.4601100872273782, "max_depth": 10, "min_child_weight": 3, "gamma": 0.34962988790837934, "reg_lambda": 0.9036628834126427, "reg_alpha": 1.7059287004889858, "max_bin": 16, "colsample_bytree": 0.9828175432344013, "colsample_bylevel": 0.6082228023865321, "colsample_bynode": 0.6729789290150038, "subsample": 0.821526378470941, "grow_policy": "depthwise", "refresh_leaf": 1, "num_parallel_tree": 5, "objective": "binary:logistic", "num_boost_round": 6, "early_stopping_rounds": 5, "min_delta": 0.0007896532902031941, "eval_metric": ["error", "auc", "logloss"]}, "4": {"learning_rate": 0.5699117380626869, "max_depth": 6, "min_child_weight": 1, "gamma": 0.8326582281450374, "reg_lambda": 2.5193912371565563, "reg_alpha": 0.5911141652129068, "max_bin": 512, "colsample_bytree": 0.8439683061820675, "colsample_bylevel": 0.8918072519827751, "colsample_bynode": 0.8708836357004306, "subsample": 0.5655061487283051, "grow_policy": "depthwise", "refresh_leaf": 0, "num_parallel_tree": 10, "objective": "binary:logistic", "num_boost_round": 6, "early_stopping_rounds": 18, "min_delta": 0.000778541091872541, "eval_metric": ["error", "auc", "logloss"]}, "5": {"learning_rate": 0.8331357978663921, "max_depth": 9, "min_child_weight": 2, "gamma": 2.454696892009356, "reg_lambda": 4.475359430248158, "reg_alpha": 1.024493739012943, "max_bin": 128, "colsample_bytree": 0.9265953178911831, "colsample_bylevel": 0.272442460803186, "colsample_bynode": 0.915884118228958, "subsample": 0.8868551727009378, "grow_policy": "depthwise", "refresh_leaf": 1, "num_parallel_tree": 8, "objective": "binary:logistic", "num_boost_round": 6, "early_stopping_rounds": 19, "min_delta": 0.0015750473404889216, "eval_metric": ["error", "auc", "logloss"]}, "6": {"learning_rate": 0.7763145285339035, "max_depth": 6, "min_child_weight": 3, "gamma": 0.11468282582240746, "reg_lambda": 5.194201513917461, "reg_alpha": 2.0109474203163566, "max_bin": 64, "colsample_bytree": 0.810347454125804, "colsample_bylevel": 0.7149848216142571, "colsample_bynode": 0.9038980178613675, "subsample": 0.8429623532264118, "grow_policy": "depthwise", "refresh_leaf": 1, "num_parallel_tree": 7, "objective": "binary:logistic", "num_boost_round": 6, "early_stopping_rounds": 11, "min_delta": 1.129883369468088e-06, "eval_metric": ["error", "auc", "logloss"]}, "7": {"learning_rate": 0.7575018012515967, "max_depth": 10, "min_child_weight": 1, "gamma": 1.2053590961118226, "reg_lambda": 4.067632652218869, "reg_alpha": 5.577046038301749, "max_bin": 16, "colsample_bytree": 0.9305902274453244, "colsample_bylevel": 0.9697677412841783, "colsample_bynode": 0.765502071184547, "subsample": 0.919072323605737, "grow_policy": "lossguide", "refresh_leaf": 1, "num_parallel_tree": 5, "objective": "binary:logistic", "num_boost_round": 6, "early_stopping_rounds": 16, "min_delta": 5.477556444644455e-06, "eval_metric": ["error", "auc", "logloss"]}}