{"0": {"learning_rate": 0.7955197157595423, "max_depth": 10, "min_child_weight": 7, "gamma": 8.986613028655162, "reg_lambda": 1.0262088347073124, "reg_alpha": 2.918116000213611, "max_bin": 128, "colsample_bytree": 0.6383748028225771, "colsample_bylevel": 0.8538133633000157, "colsample_bynode": 0.2065986367121871, "subsample": 0.7831158633392781, "grow_policy": "depthwise", "refresh_leaf": 1, "num_parallel_tree": 14, "objective": "reg:squarederror", "eval_metric": ["rmse", "poisson-nloglik"]}, "1": {"learning_rate": 0.9980599334109009, "max_depth": 4, "min_child_weight": 1, "gamma": 7.1450346471154695, "reg_lambda": 2.9085119211826473, "reg_alpha": 5.178754803898554, "max_bin": 128, "colsample_bytree": 0.9214454258238184, "colsample_bylevel": 0.30646513327588265, "colsample_bynode": 0.9280392354909552, "subsample": 0.7431214277189037, "grow_policy": "lossguide", "refresh_leaf": 0, "num_parallel_tree": 12, "objective": "reg:squarederror", "eval_metric": ["rmse", "poisson-nloglik"]}, "2": {"learning_rate": 0.9913359618060356, "max_depth": 4, "min_child_weight": 1, "gamma": 5.117870126669537, "reg_lambda": 2.2733093900599624, "reg_alpha": 2.478947613955248, "max_bin": 64, "colsample_bytree": 0.8213182083980765, "colsample_bylevel": 0.4723813698748974, "colsample_bynode": 0.81904880761612, "subsample": 0.6904508652403046, "grow_policy": "depthwise", "refresh_leaf": 0, "num_parallel_tree": 8, "objective": "reg:squarederror", "eval_metric": ["rmse", "poisson-nloglik"]}, "3": {"learning_rate": 0.9974092650085408, "max_depth": 6, "min_child_weight": 10, "gamma": 9.271716706529109, "reg_lambda": 4.321843111706269, "reg_alpha": 5.742179563201538, "max_bin": 512, "colsample_bytree": 0.546139121949708, "colsample_bylevel": 0.501081456425799, "colsample_bynode": 0.9842680165665043, "subsample": 0.9021330004213871, "grow_policy": "lossguide", "refresh_leaf": 1, "num_parallel_tree": 14, "objective": "reg:squarederror", "eval_metric": ["rmse", "poisson-nloglik"]}, "4": {"learning_rate": 0.995365143083398, "max_depth": 10, "min_child_weight": 12, "gamma": 6.341145126218992, "reg_lambda": 1.8449651854140023, "reg_alpha": 4.660769736033195, "max_bin": 32, "colsample_bytree": 0.5272872851439074, "colsample_bylevel": 0.5227738622832182, "colsample_bynode": 0.9328966723527397, "subsample": 0.789369240150308, "grow_policy": "depthwise", "refresh_leaf": 1, "num_parallel_tree": 10, "objective": "reg:squarederror", "eval_metric": ["rmse", "poisson-nloglik"]}, "5": {"learning_rate": 0.7993841821097538, "max_depth": 7, "min_child_weight": 5, "gamma": 1.2354741473385167, "reg_lambda": 1.8160133561916754, "reg_alpha": 0.6344070959183563, "max_bin": 16, "colsample_bytree": 0.5990223163924038, "colsample_bylevel": 0.638261595737613, "colsample_bynode": 0.8922764442964607, "subsample": 0.6447847668393615, "grow_policy": "depthwise", "refresh_leaf": 1, "num_parallel_tree": 7, "objective": "reg:squarederror", "eval_metric": ["rmse", "poisson-nloglik"]}, "6": {"learning_rate": 0.7507318485514191, "max_depth": 9, "min_child_weight": 3, "gamma": 3.5884031418642737, "reg_lambda": 3.4220242295440437, "reg_alpha": 1.9260714596844664, "max_bin": 64, "colsample_bytree": 0.7750903501604364, "colsample_bylevel": 0.23485136900024584, "colsample_bynode": 0.8279670619317732, "subsample": 0.9609897785331707, "grow_policy": "lossguide", "refresh_leaf": 0, "num_parallel_tree": 14, "objective": "reg:squarederror", "eval_metric": ["rmse", "poisson-nloglik"]}, "7": {"learning_rate": 0.9975568021386945, "max_depth": 9, "min_child_weight": 12, "gamma": 8.743323371479125, "reg_lambda": 4.937580921147902, "reg_alpha": 1.3968392981749762, "max_bin": 16, "colsample_bytree": 0.7419689746909681, "colsample_bylevel": 0.4282645596276272, "colsample_bynode": 0.9542350273718254, "subsample": 0.7270274248247339, "grow_policy": "lossguide", "refresh_leaf": 1, "num_parallel_tree": 15, "objective": "reg:squarederror", "eval_metric": ["rmse", "poisson-nloglik"]}}