{"0": {"learning_rate": 0.5153786801817201, "max_depth": 5, "min_child_weight": 3, "gamma": 1.9047015063476798, "reg_lambda": 0.12164929301270383, "reg_alpha": 0.3251192374033133, "max_bin": 32, "colsample_bytree": 0.8394163102179614, "colsample_bylevel": 0.8685004123830985, "colsample_bynode": 0.7882181423746786, "subsample": 0.5341275865955236, "grow_policy": "depthwise", "refresh_leaf": 1, "num_parallel_tree": 9, "objective": "binary:logistic", "num_boost_round": 4, "eval_metric": ["error", "logloss"]}, "1": {"learning_rate": 0.8594710976422796, "max_depth": 5, "min_child_weight": 3, "gamma": 0.8554837018391993, "reg_lambda": 3.1011564383447245, "reg_alpha": 0.753267488918752, "max_bin": 512, "colsample_bytree": 0.9498566268373937, "colsample_bylevel": 0.5933633334978096, "colsample_bynode": 0.688051746727609, "subsample": 0.6146948397796065, "grow_policy": "depthwise", "refresh_leaf": 0, "num_parallel_tree": 15, "objective": "binary:logistic", "num_boost_round": 4, "eval_metric": ["error", "logloss"]}, "2": {"learning_rate": 0.6479809053210477, "max_depth": 10, "min_child_weight": 1, "gamma": 0.14857876722978478, "reg_lambda": 0.016158925167839427, "reg_alpha": 2.4223380316293786, "max_bin": 64, "colsample_bytree": 0.6679370813814074, "colsample_bylevel": 0.6188068441699516, "colsample_bynode": 0.9988137888737849, "subsample": 0.5590558403934306, "grow_policy": "lossguide", "refresh_leaf": 1, "num_parallel_tree": 13, "objective": "binary:logistic", "num_boost_round": 4, "eval_metric": ["error", "logloss"]}, "3": {"learning_rate": 0.9739806555188226, "max_depth": 8, "min_child_weight": 3, "gamma": 0.7927477508368803, "reg_lambda": 0.5440629102667656, "reg_alpha": 4.04335096610729, "max_bin": 16, "colsample_bytree": 0.5929357861814378, "colsample_bylevel": 0.9911839370806693, "colsample_bynode": 0.8775128856334519, "subsample": 0.9379864526851098, "grow_policy": "lossguide", "refresh_leaf": 1, "num_parallel_tree": 11, "objective": "binary:logistic", "num_boost_round": 4, "eval_metric": ["error", "logloss"]}, "4": {"learning_rate": 0.8431002899018694, "max_depth": 7, "min_child_weight": 3, "gamma": 0.9573477739582111, "reg_lambda": 2.44054791353411, "reg_alpha": 3.0333331911383667, "max_bin": 64, "colsample_bytree": 0.863157461051399, "colsample_bylevel": 0.6049797626933127, "colsample_bynode": 0.7602760160812069, "subsample": 0.902849268940225, "grow_policy": "lossguide", "refresh_leaf": 0, "num_parallel_tree": 12, "objective": "binary:logistic", "num_boost_round": 4, "eval_metric": ["error", "logloss"]}, "5": {"learning_rate": 0.9976167562911143, "max_depth": 8, "min_child_weight": 1, "gamma": 1.770900813594984, "reg_lambda": 6.8876195217767435, "reg_alpha": 0.986933649554053, "max_bin": 512, "colsample_bytree": 0.9550835801383375, "colsample_bylevel": 0.7056088341047603, "colsample_bynode": 0.8300274522654343, "subsample": 0.5832820570893688, "grow_policy": "lossguide", "refresh_leaf": 1, "num_parallel_tree": 14, "objective": "binary:logistic", "num_boost_round": 4, "eval_metric": ["error", "logloss"]}, "6": {"learning_rate": 0.8058639192227617, "max_depth": 8, "min_child_weight": 6, "gamma": 2.791112297429841, "reg_lambda": 0.4952998262413876, "reg_alpha": 1.001399271038206, "max_bin": 64, "colsample_bytree": 0.874066664714375, "colsample_bylevel": 0.6201794764931131, "colsample_bynode": 0.6472532484290067, "subsample": 0.826974171036981, "grow_policy": "lossguide", "refresh_leaf": 0, "num_parallel_tree": 6, "objective": "binary:logistic", "num_boost_round": 4, "eval_metric": ["error", "logloss"]}, "7": {"learning_rate": 0.8184854107394957, "max_depth": 5, "min_child_weight": 3, "gamma": 1.5446021768431335, "reg_lambda": 2.256986402489278, "reg_alpha": 0.017869939217529773, "max_bin": 64, "colsample_bytree": 0.9595604230411056, "colsample_bylevel": 0.41558372132574584, "colsample_bynode": 0.6212286438198119, "subsample": 0.8544833172974645, "grow_policy": "lossguide", "refresh_leaf": 1, "num_parallel_tree": 10, "objective": "binary:logistic", "num_boost_round": 4, "eval_metric": ["error", "logloss"]}}