{"0": {"learning_rate": 0.7752721816051569, "max_depth": 7, "min_child_weight": 1, "gamma": 1.6675580973284507, "reg_lambda": 1.692222833335351, "reg_alpha": 1.3307769482092895, "max_bin": 64, "colsample_bytree": 0.8067485577760447, "colsample_bylevel": 0.9730040188209149, "colsample_bynode": 0.9810788135947245, "subsample": 0.5771238639000341, "grow_policy": "lossguide", "refresh_leaf": 1, "num_parallel_tree": 9, "objective": "binary:logistic", "early_stopping_rounds": 4, "min_delta": 0.0036985733669619805, "eval_metric": ["error", "logloss"]}, "1": {"learning_rate": 0.9903192962923771, "max_depth": 9, "min_child_weight": 2, "gamma": 0.38530241746718275, "reg_lambda": 2.766629924387268, "reg_alpha": 3.3975306007319963, "max_bin": 32, "colsample_bytree": 0.33307647503292953, "colsample_bylevel": 0.9588518297118588, "colsample_bynode": 0.8639843782442884, "subsample": 0.8895668957504176, "grow_policy": "depthwise", "refresh_leaf": 0, "num_parallel_tree": 7, "objective": "binary:logistic", "early_stopping_rounds": 2, "min_delta": 2.0358681995666904e-05, "eval_metric": ["error", "logloss"]}, "2": {"learning_rate": 0.9926377976574168, "max_depth": 5, "min_child_weight": 4, "gamma": 0.18742430246038566, "reg_lambda": 2.9669931971119325, "reg_alpha": 0.2908755980976353, "max_bin": 128, "colsample_bytree": 0.8528137820420171, "colsample_bylevel": 0.5342652441751478, "colsample_bynode": 0.7044054398172894, "subsample": 0.9083607045629958, "grow_policy": "lossguide", "refresh_leaf": 0, "num_parallel_tree": 13, "objective": "binary:logistic", "early_stopping_rounds": 3, "min_delta": 0.005177455714434537, "eval_metric": ["error", "logloss"]}, "3": {"learning_rate": 0.533485053147009, "max_depth": 8, "min_child_weight": 1, "gamma": 1.3591467586717965, "reg_lambda": 0.17189983537699338, "reg_alpha": 1.4356471926484344, "max_bin": 256, "colsample_bytree": 0.8686273831149305, "colsample_bylevel": 0.4373743322074248, "colsample_bynode": 0.7076312929671278, "subsample": 0.834312422786687, "grow_policy": "depthwise", "refresh_leaf": 0, "num_parallel_tree": 7, "objective": "binary:logistic", "early_stopping_rounds": 4, "min_delta": 6.573579994505654e-06, "eval_metric": ["error", "logloss"]}, "4": {"learning_rate": 0.6008544637696495, "max_depth": 10, "min_child_weight": 1, "gamma": 0.12623211060291012, "reg_lambda": 0.8118644296055374, "reg_alpha": 3.1987229534627413, "max_bin": 16, "colsample_bytree": 0.7732789946185659, "colsample_bylevel": 0.8564610886652704, "colsample_bynode": 0.34744451678905863, "subsample": 0.9619545670569779, "grow_policy": "lossguide", "refresh_leaf": 0, "num_parallel_tree": 13, "objective": "binary:logistic", "early_stopping_rounds": 3, "min_delta": 0.005265222195166192, "eval_metric": ["error", "logloss"]}, "5": {"learning_rate": 0.7988979537389268, "max_depth": 8, "min_child_weight": 3, "gamma": 2.2339773249658927, "reg_lambda": 6.235592199974125, "reg_alpha": 1.5655810445005973, "max_bin": 128, "colsample_bytree": 0.7825877721169221, "colsample_bylevel": 0.8600370158425147, "colsample_bynode": 0.9334590241035723, "subsample": 0.9042573540458467, "grow_policy": "depthwise", "refresh_leaf": 0, "num_parallel_tree": 10, "objective": "binary:logistic", "early_stopping_rounds": 4, "min_delta": 0.007624661998888837, "eval_metric": ["error", "logloss"]}, "6": {"learning_rate": 0.44221179328955723, "max_depth": 9, "min_child_weight": 2, "gamma": 1.1634423453556888, "reg_lambda": 2.507441197503489, "reg_alpha": 0.15676564275624713, "max_bin": 64, "colsample_bytree": 0.9608138434507728, "colsample_bylevel": 0.7861109279601759, "colsample_bynode": 0.4526764107597786, "subsample": 0.6342513555304587, "grow_policy": "depthwise", "refresh_leaf": 1, "num_parallel_tree": 6, "objective": "binary:logistic", "early_stopping_rounds": 2, "min_delta": 0.0017457228330720134, "eval_metric": ["error", "logloss"]}, "7": {"learning_rate": 0.47343803127403333, "max_depth": 7, "min_child_weight": 3, "gamma": 1.3575683260309348, "reg_lambda": 2.6875116076150976, "reg_alpha": 1.1816529843444008, "max_bin": 512, "colsample_bytree": 0.679331624232821, "colsample_bylevel": 0.9110017728146378, "colsample_bynode": 0.812237655980922, "subsample": 0.964259468923227, "grow_policy": "lossguide", "refresh_leaf": 1, "num_parallel_tree": 4, "objective": "binary:logistic", "early_stopping_rounds": 2, "min_delta": 0.00013107728038637818, "eval_metric": ["error", "logloss"]}}