{"0": {"learning_rate": 0.056419218155970736, "max_depth": 8, "min_child_weight": 2, "gamma": 0.39462753592837085, "reg_lambda": 4.928083083733575, "reg_alpha": 3.9814666985351295, "max_bin": 16, "colsample_bytree": 0.9812372608434174, "colsample_bylevel": 0.8539987923612267, "colsample_bynode": 0.39644082117158524, "subsample": 0.7797012574696657, "grow_policy": "depthwise", "refresh_leaf": 1, "num_parallel_tree": 3, "objective": "binary:logitraw", "num_boost_round": 15, "early_stopping_rounds": 9, "min_delta": 0.009039544869220309, "eval_metric": ["error", "auc", "logloss"]}, "1": {"learning_rate": 0.5826456814074203, "max_depth": 10, "min_child_weight": 4, "gamma": 1.0229412613770916, "reg_lambda": 1.076744489574858, "reg_alpha": 2.235832236872529, "max_bin": 256, "colsample_bytree": 0.7927462617086429, "colsample_bylevel": 0.8318069175110961, "colsample_bynode": 0.9289742430744161, "subsample": 0.6661717055936195, "grow_policy": "lossguide", "refresh_leaf": 0, "num_parallel_tree": 2, "objective": "binary:hinge", "num_boost_round": 22, "early_stopping_rounds": 20, "min_delta": 1.055464870108795e-06, "eval_metric": ["error", "auc", "logloss"]}, "2": {"learning_rate": 0.4466849226433877, "max_depth": 9, "min_child_weight": 1, "gamma": 0.2632728837406087, "reg_lambda": 6.362445050981311, "reg_alpha": 6.425191166287442, "max_bin": 64, "colsample_bytree": 0.8198395014118582, "colsample_bylevel": 0.9229196507423529, "colsample_bynode": 0.7595573460482773, "subsample": 0.897513176384341, "grow_policy": "depthwise", "refresh_leaf": 1, "num_parallel_tree": 9, "objective": "binary:logistic", "num_boost_round": 15, "early_stopping_rounds": 17, "min_delta": 0.00032184530083269384, "eval_metric": ["error", "auc", "logloss"]}, "3": {"learning_rate": 0.9924684787472937, "max_depth": 7, "min_child_weight": 8, "gamma": 2.3787190550051616, "reg_lambda": 4.740251620001067, "reg_alpha": 0.9452535233513224, "max_bin": 64, "colsample_bytree": 0.6943433566515927, "colsample_bylevel": 0.7198413853725736, "colsample_bynode": 0.6441454805960758, "subsample": 0.6835739961436758, "grow_policy": "depthwise", "refresh_leaf": 1, "num_parallel_tree": 9, "objective": "binary:hinge", "num_boost_round": 16, "early_stopping_rounds": 20, "min_delta": 2.557886318029675e-05, "eval_metric": ["error", "auc", "logloss"]}, "4": {"learning_rate": 0.9602485702560102, "max_depth": 9, "min_child_weight": 1, "gamma": 0.7788255185771659, "reg_lambda": 6.975617459126292, "reg_alpha": 0.012332200760744799, "max_bin": 64, "colsample_bytree": 0.9957472779163865, "colsample_bylevel": 0.5963094431855501, "colsample_bynode": 0.7587002669228589, "subsample": 0.7049639860114856, "grow_policy": "lossguide", "refresh_leaf": 0, "num_parallel_tree": 6, "objective": "binary:logistic", "num_boost_round": 20, "early_stopping_rounds": 10, "min_delta": 0.0002385359310027351, "eval_metric": ["error", "auc", "logloss"]}, "5": {"learning_rate": 0.42653769713376083, "max_depth": 10, "min_child_weight": 3, "gamma": 1.1450131111093258, "reg_lambda": 0.7450197347073656, "reg_alpha": 0.786108249182979, "max_bin": 16, "colsample_bytree": 0.696119382519432, "colsample_bylevel": 0.6701116190867901, "colsample_bynode": 0.8958285126587714, "subsample": 0.7476131699033293, "grow_policy": "depthwise", "refresh_leaf": 1, "num_parallel_tree": 3, "objective": "binary:logistic", "num_boost_round": 20, "early_stopping_rounds": 8, "min_delta": 0.0003100069485388273, "eval_metric": ["error", "auc", "logloss"]}, "6": {"learning_rate": 0.678682512937771, "max_depth": 8, "min_child_weight": 1, "gamma": 0.1039092747244591, "reg_lambda": 6.666994942711, "reg_alpha": 1.017818275645425, "max_bin": 32, "colsample_bytree": 0.9624327211785755, "colsample_bylevel": 0.4785828107324775, "colsample_bynode": 0.8652345278610789, "subsample": 0.5741920002301079, "grow_policy": "depthwise", "refresh_leaf": 1, "num_parallel_tree": 9, "objective": "binary:logistic", "num_boost_round": 24, "early_stopping_rounds": 25, "min_delta": 0.003022570072675188, "eval_metric": ["error", "auc", "logloss"]}, "7": {"learning_rate": 0.04389517694601282, "max_depth": 9, "min_child_weight": 1, "gamma": 1.7442566419119623, "reg_lambda": 2.6946121492781785, "reg_alpha": 1.0245157878225388, "max_bin": 128, "colsample_bytree": 0.9596658423268332, "colsample_bylevel": 0.5807889701487304, "colsample_bynode": 0.564080688614986, "subsample": 0.9240326553626227, "grow_policy": "lossguide", "refresh_leaf": 0, "num_parallel_tree": 9, "objective": "binary:logitraw", "num_boost_round": 11, "early_stopping_rounds": 14, "min_delta": 0.001088743664990425, "eval_metric": ["error", "auc", "logloss"]}}