{
    "0": {
            "learning_rate": 0.926138635516263, "max_depth": 10, "min_child_weight": 2, "gamma": 0.7496994116056396, "reg_lambda": 0.8526436572394109, "reg_alpha": 2.220243297938099, "max_bin": 16, "colsample_bytree": 0.9342253659949001, "colsample_bylevel": 0.33860382092955105, "colsample_bynode": 0.5996839825408405, "subsample": 0.5317614673935692, "grow_policy": "depthwise", "refresh_leaf": 1, "num_parallel_tree": 10, "objective": "binary:logistic", "num_boost_round": 7, "eval_metric": ["error", "logloss"]
            }, 
    "1": {
            "learning_rate": 0.9536379173432522, "max_depth": 8, "min_child_weight": 1, "gamma": 0.39760933129488246, "reg_lambda": 3.526993637889625, "reg_alpha": 1.4480866427436134, "max_bin": 256, "colsample_bytree": 0.9932554785702558, "colsample_bylevel": 0.6972736342376191, "colsample_bynode": 0.7687759510225978, "subsample": 0.520471505755528, "grow_policy": "lossguide", "refresh_leaf": 0, "num_parallel_tree": 10, "objective": "binary:logistic", "num_boost_round": 7, "eval_metric": ["error", "logloss"]
            }, 
    "2": {
            "learning_rate": 0.243520366401614, "max_depth": 10, "min_child_weight": 1, "gamma": 0.590446756563395, "reg_lambda": 0.42724504488298987, "reg_alpha": 0.16354891228518192, "max_bin": 32, "colsample_bytree": 0.9368833170629551, "colsample_bylevel": 0.7469351763393267, "colsample_bynode": 0.8095241707322444, "subsample": 0.42983621879977146, "grow_policy": "lossguide", "refresh_leaf": 1, "num_parallel_tree": 12, "objective": "binary:logistic", "num_boost_round": 7, "eval_metric": ["error", "logloss"]
            }, 
    "3": {
            "learning_rate": 0.8884424765473737, "max_depth": 2, "min_child_weight": 1, "gamma": 3.301739949962555, "reg_lambda": 2.646688106810198, "reg_alpha": 0.7926916401889278, "max_bin": 32, "colsample_bytree": 0.40852184534646685, "colsample_bylevel": 0.9737809473230558, "colsample_bynode": 0.9342671882763189, "subsample": 0.6273841235908371, "grow_policy": "depthwise", "refresh_leaf": 1, "num_parallel_tree": 11, "objective": "binary:logistic", "num_boost_round": 7, "eval_metric": ["error", "logloss"]
            }, 
    "4": {
            "learning_rate": 0.6084596372765332, "max_depth": 3, "min_child_weight": 2, "gamma": 2.9484340259065482, "reg_lambda": 2.264909782754447, "reg_alpha": 0.5631202269527277, "max_bin": 128, "colsample_bytree": 0.6235523441594217, "colsample_bylevel": 0.9434213409955, "colsample_bynode": 0.9563387136509914, "subsample": 0.5257026167689414, "grow_policy": "lossguide", "refresh_leaf": 0, "num_parallel_tree": 2, "objective": "binary:logistic", "num_boost_round": 7, "eval_metric": ["error", "logloss"]
            }, 
    "5": {
            "learning_rate": 0.2995913748592987, "max_depth": 9, "min_child_weight": 1, "gamma": 0.5640108673941997, "reg_lambda": 1.224662969780911, "reg_alpha": 1.2929000512593258, "max_bin": 32, "colsample_bytree": 0.6332349896100234, "colsample_bylevel": 0.5113465106853314, "colsample_bynode": 0.924880640545815, "subsample": 0.7025088889510929, "grow_policy": "depthwise", "refresh_leaf": 0, "num_parallel_tree": 7, "objective": "binary:logistic", "num_boost_round": 7, "eval_metric": ["error", "logloss"]
            }, 
    "6": {
            "learning_rate": 0.5039051897246205, "max_depth": 9, "min_child_weight": 2, "gamma": 1.9276343174808097, "reg_lambda": 0.2350175428023467, "reg_alpha": 1.2577608411831882, "max_bin": 128, "colsample_bytree": 0.9443270165479954, "colsample_bylevel": 0.6689665070916432, "colsample_bynode": 0.8164804323987294, "subsample": 0.7536529707784201, "grow_policy": "lossguide", "refresh_leaf": 0, "num_parallel_tree": 3, "objective": "binary:logistic", "num_boost_round": 7, "eval_metric": ["error", "logloss"]
            }, 
    "7": {
            "learning_rate": 0.6378590938457165, "max_depth": 7, "min_child_weight": 2, "gamma": 1.3437446475220067, "reg_lambda": 6.5282363655862, "reg_alpha": 2.15015182236858, "max_bin": 16, "colsample_bytree": 0.9334917790359997, "colsample_bylevel": 0.5993757456842287, "colsample_bynode": 0.9036337434018691, "subsample": 0.5992807059603386, "grow_policy": "lossguide", "refresh_leaf": 0, "num_parallel_tree": 15, "objective": "binary:logistic", "num_boost_round": 7, "eval_metric": ["error", "logloss"]}}