{"0": {"learning_rate": 0.8658826532203132, "max_depth": 4, "min_child_weight": 10, "gamma": 1.0166548550452836, "reg_lambda": 1.9682765859392086, "reg_alpha": 6.560469684585599, "max_bin": 32, "colsample_bytree": 0.7201771317329135, "colsample_bylevel": 0.590691556457959, "colsample_bynode": 0.7708481183832048, "subsample": 0.933040096515544, "grow_policy": "lossguide", "refresh_leaf": 0, "num_parallel_tree": 8, "objective": "reg:squarederror", "early_stopping_rounds": 5, "min_delta": 0.00019883905332655454, "eval_metric": ["rmse", "poisson-nloglik"]}, "1": {"learning_rate": 0.6025988960566775, "max_depth": 4, "min_child_weight": 8, "gamma": 9.952141731197843, "reg_lambda": 0.34209219615434294, "reg_alpha": 1.8162294314544352, "max_bin": 512, "colsample_bytree": 0.5351605716014801, "colsample_bylevel": 0.8777669504923166, "colsample_bynode": 0.9505082435710881, "subsample": 0.5683659966862216, "grow_policy": "depthwise", "refresh_leaf": 1, "num_parallel_tree": 11, "objective": "reg:squarederror", "early_stopping_rounds": 5, "min_delta": 0.006154484826375214, "eval_metric": ["rmse", "poisson-nloglik"]}, "2": {"learning_rate": 0.762064909668004, "max_depth": 3, "min_child_weight": 10, "gamma": 7.5532090850105345, "reg_lambda": 5.138451086727766, "reg_alpha": 4.268685645779838, "max_bin": 512, "colsample_bytree": 0.5609317982816251, "colsample_bylevel": 0.6228321455882548, "colsample_bynode": 0.8312990013322008, "subsample": 0.8485681236710962, "grow_policy": "depthwise", "refresh_leaf": 0, "num_parallel_tree": 13, "objective": "reg:squarederror", "early_stopping_rounds": 5, "min_delta": 7.69730003813773e-06, "eval_metric": ["rmse", "poisson-nloglik"]}, "3": {"learning_rate": 0.8113586283229116, "max_depth": 6, "min_child_weight": 4, "gamma": 8.256841222019123, "reg_lambda": 2.5009591113097724, "reg_alpha": 3.1072722786441695, "max_bin": 512, "colsample_bytree": 0.4952570919339676, "colsample_bylevel": 0.5650826231091227, "colsample_bynode": 0.5021889036537943, "subsample": 0.950499066938197, "grow_policy": "lossguide", "refresh_leaf": 1, "num_parallel_tree": 5, "objective": "reg:squarederror", "early_stopping_rounds": 2, "min_delta": 2.0854064129517913e-05, "eval_metric": ["rmse", "poisson-nloglik"]}, "4": {"learning_rate": 0.5213050820464118, "max_depth": 6, "min_child_weight": 7, "gamma": 5.8450395776590005, "reg_lambda": 0.7422421013995133, "reg_alpha": 4.261179457943792, "max_bin": 128, "colsample_bytree": 0.8660181527434294, "colsample_bylevel": 0.46647061005084467, "colsample_bynode": 0.558889398294577, "subsample": 0.828664806787562, "grow_policy": "depthwise", "refresh_leaf": 0, "num_parallel_tree": 13, "objective": "reg:squarederror", "early_stopping_rounds": 4, "min_delta": 2.4390586024010987e-05, "eval_metric": ["rmse", "poisson-nloglik"]}, "5": {"learning_rate": 0.6216831492869989, "max_depth": 9, "min_child_weight": 5, "gamma": 4.720013229551161, "reg_lambda": 6.468003176188573, "reg_alpha": 5.853917126494718, "max_bin": 32, "colsample_bytree": 0.6115996096007916, "colsample_bylevel": 0.7338663220820518, "colsample_bynode": 0.47874844952760137, "subsample": 0.9602369694430364, "grow_policy": "lossguide", "refresh_leaf": 1, "num_parallel_tree": 7, "objective": "reg:squarederror", "early_stopping_rounds": 4, "min_delta": 2.6762633117364713e-05, "eval_metric": ["rmse", "poisson-nloglik"]}, "6": {"learning_rate": 0.6748399402919817, "max_depth": 6, "min_child_weight": 7, "gamma": 5.45326600551446, "reg_lambda": 1.4273561172413263, "reg_alpha": 0.8534212818994734, "max_bin": 64, "colsample_bytree": 0.542940527560879, "colsample_bylevel": 0.39224656751497944, "colsample_bynode": 0.9073868544559154, "subsample": 0.9977805083601646, "grow_policy": "depthwise", "refresh_leaf": 0, "num_parallel_tree": 13, "objective": "reg:squarederror", "early_stopping_rounds": 4, "min_delta": 2.0192270370384826e-06, "eval_metric": ["rmse", "poisson-nloglik"]}, "7": {"learning_rate": 0.9669242290050657, "max_depth": 8, "min_child_weight": 5, "gamma": 3.236401039466134, "reg_lambda": 5.094273665931072, "reg_alpha": 0.24783094945836348, "max_bin": 16, "colsample_bytree": 0.7710387562165537, "colsample_bylevel": 0.20913674984779584, "colsample_bynode": 0.5658010676014225, "subsample": 0.908306217185888, "grow_policy": "lossguide", "refresh_leaf": 1, "num_parallel_tree": 9, "objective": "reg:squarederror", "early_stopping_rounds": 2, "min_delta": 0.04348253902457118, "eval_metric": ["rmse", "poisson-nloglik"]}}