cv-error,train-error,val-error,oos-error,train-auc,val-auc,oos-auc,train-logloss,val-logloss,oos-logloss
0.19314285714285712,0.16266666666666665,0.176,0.16,0.9238837622513899,0.9102666666666667,0.914924506387921,0.4505392645399552,0.39693819628655913,0.5958740496318787
0.17485714285714285,0.08666666666666667,0.096,0.192,0.9080405191516303,0.8848280098280098,0.79,3.192918039957682,3.536770751953125,7.07354150390625
0.1851428571428571,0.14266666666666666,0.16,0.16,0.9438936690373381,0.9221824686940966,0.9146191646191646,0.3283909098433505,0.3389398731617257,0.35507944655045864
0.19085714285714284,0.18266666666666667,0.216,0.16,0.9091617401362293,0.8760635280771413,0.9160703637447823,0.3792749779697818,0.4005979854930192,0.3607179755186662
0.18285714285714286,0.12933333333333333,0.232,0.24,0.9445560017849175,0.8453968253968254,0.88712422007941,0.34660704270063436,0.4344589735199697,0.39754519797675314
0.18285714285714286,0.13466666666666666,0.192,0.24,0.9384478216167588,0.8829787234042553,0.830952380952381,0.3325602897554636,0.39727214950323103,0.6873088816553354
0.17714285714285713,0.08933333333333333,0.144,0.184,0.969662558092544,0.926497277676951,0.9067103109656302,0.24974804773864648,0.31238315895199775,0.3723500180803239
0.20228571428571432,0.17333333333333334,0.184,0.208,0.7974674448498591,0.7694541231126597,0.7764670296430732,6.385836079915364,6.778810607910156,7.663003295898437
