cv-error,oos-error
0.17028571428571432,0.15200000000000002
0.16,0.20799999999999996
0.17142857142857146,0.14400000000000002
0.17485714285714288,0.16000000000000003
0.16914285714285718,0.16800000000000004
0.14971428571428572,0.272
0.16914285714285718,0.19999999999999996
0.1725714285714286,0.12
