cv-error,train-error,oos-error,train-logloss,oos-logloss
0.17485714285714282,0.15428571428571428,0.192,0.36471946253095355,0.38129261216521265
0.1851428571428571,0.15542857142857142,0.16,0.34954281026550704,0.40620905520021916
0.1794285714285714,0.13714285714285715,0.176,0.3545057511925697,0.3710956140756607
0.17714285714285713,0.15314285714285714,0.168,0.34786813361729896,0.3344533007889986
0.176,0.15542857142857142,0.248,0.3539653294171606,0.38915792456269266
0.176,0.14971428571428572,0.224,0.34384330120682716,0.42854660338163375
0.18514285714285714,0.16228571428571428,0.168,0.366355453393289,0.3966081257760525
0.1782857142857143,0.15314285714285714,0.192,0.35444993391633034,0.3682286463677883
