cv-error,train-error,val-error,oos-error,train-auc,val-auc,oos-auc,train-logloss,val-logloss,oos-logloss
0.20342857142857143,0.17466666666666666,0.2,0.192,0.9156424763979071,0.9193333333333333,0.9179732868757259,0.44430409563658757,0.37661957474052904,0.3112430008146912
0.19999999999999998,0.172,0.208,0.176,0.9212709312424412,0.9107800982800983,0.9105333333333333,0.362797771324714,0.3661177589595318,0.41590501117706297
0.19999999999999998,0.18933333333333333,0.152,0.216,0.9183070866141733,0.9271019677996423,0.9126228501228502,0.3955974489102761,0.37187134131789207,0.3872847476601601
0.20228571428571426,0.16133333333333333,0.232,0.184,0.9148928479629868,0.875496313102666,0.9072748956469887,0.3827776703262352,0.3985996664010454,0.36703687530197204
0.18057142857142855,0.12,0.232,0.24,0.9578871039714413,0.8533333333333334,0.8845717526942711,0.294361308068037,0.41580880916118623,0.384890218898654
0.1737142857142857,0.144,0.192,0.208,0.937339352268346,0.9069830878341517,0.854920634920635,0.325275660580645,0.3788814374431968,0.4107131739631295
0.1942857142857143,0.13733333333333334,0.184,0.208,0.936601333602748,0.9086509376890503,0.900163666121113,0.33974908920625846,0.35940239563584325,0.3958078189045191
0.19199999999999998,0.196,0.184,0.248,0.8956798058267931,0.9108594657375145,0.8794615849969752,0.46744812582448747,0.24572510004788636,0.33833470670878885
