cv-error,train-error,val-error,oos-error,train-auc,val-auc,oos-auc,train-logloss,val-logloss,oos-logloss
0.20457142857142857,0.17733333333333334,0.2,0.16,0.9032293722211759,0.8746666666666667,0.8989547038327527,0.440095346508082,0.385880680128932,0.5851323158740998
0.17828571428571424,0.084,0.112,0.176,0.901441546740692,0.8656326781326781,0.8033333333333333,3.0946744079589843,4.126232543945313,6.484079711914062
0.18742857142857142,0.14133333333333334,0.144,0.152,0.9367816548133097,0.9288908765652951,0.9195331695331695,0.37058727376163003,0.36405245515704154,0.3685662418603897
0.19199999999999998,0.208,0.232,0.208,0.7120068114638222,0.6793817356778219,0.708706022659511,7.663003295898437,8.547195983886718,7.663003295898437
0.17485714285714285,0.12666666666666668,0.216,0.232,0.9484644928922037,0.853015873015873,0.8845717526942711,0.32425980871915816,0.4235480795204639,0.3884471846818924
0.17942857142857144,0.13066666666666665,0.176,0.248,0.9416206143169259,0.8884342607746863,0.8392063492063492,0.3492733590503534,0.41562206122279166,0.4387013371884823
0.1737142857142857,0.10133333333333333,0.144,0.168,0.9649302889472621,0.9171203871748337,0.9018003273322422,0.25885791120429835,0.3303938397578895,0.3807209375202656
0.1862857142857143,0.15466666666666667,0.144,0.216,0.9309455564515485,0.9210220673635308,0.911070780399274,0.43554831374048564,0.5704777826070786,0.309288729891181
