cv-error,train-error,val-error,oos-error,train-logloss,val-logloss,oos-logloss
0.18399999999999997,0.13733333333333334,0.184,0.208,0.38131474032998086,0.4593379507660866,0.40629377007484435
0.20114285714285712,0.176,0.168,0.168,0.38610072403152784,0.3968813098371029,0.43150539582967756
0.19199999999999998,0.16266666666666665,0.16,0.176,0.3653211643199126,0.3637951453924179,0.3722880819141865
0.184,0.14533333333333334,0.224,0.144,0.3418505792617798,0.38410477158427236,0.3444928687512875
0.1817142857142857,0.13733333333333334,0.208,0.24,0.41851487223307293,0.4694528584480286,0.45303990137577055
0.17828571428571424,0.13466666666666666,0.168,0.232,0.343345953643322,0.40160449588298797,0.41447649076581
0.192,0.14933333333333335,0.168,0.2,0.4090401698350906,0.41178685855865477,0.4453653346300125
0.1942857142857143,0.14533333333333334,0.152,0.184,0.3963426148692767,0.40513287162780764,0.40593119418621065
