cv-error,train-error,val-error,oos-error,train-logloss,val-logloss,oos-logloss
0.208,0.172,0.2,0.2,0.396400817433993,0.4435282156467438,0.4159918464422226
0.19428571428571426,0.18533333333333332,0.192,0.192,0.3660417872220278,0.36444892138242724,0.42452468544244765
0.19428571428571426,0.16933333333333334,0.152,0.16,0.3711739997516076,0.3516973798274994,0.37150801303982733
0.18285714285714283,0.13466666666666666,0.208,0.16,0.34650153503318626,0.38562664368748667,0.3574451901912689
0.19542857142857142,0.15333333333333332,0.192,0.232,0.3981445934176445,0.4365516344308853,0.42982736039161684
0.19085714285714284,0.15733333333333333,0.184,0.224,0.37860354426006476,0.42344349473714826,0.4488453194499016
0.19199999999999998,0.17866666666666667,0.168,0.184,0.4104452016452948,0.40961724042892456,0.4379573251605034
0.18514285714285714,0.13866666666666666,0.176,0.168,0.3482685588647922,0.36337006849050524,0.3577670497298241
