cv-error,oos-error
0.17142857142857146,0.15200000000000002
0.15885714285714286,0.21599999999999997
0.17028571428571432,0.14400000000000002
0.17600000000000002,0.14400000000000002
0.16914285714285718,0.17600000000000005
0.152,0.272
0.16914285714285718,0.19999999999999996
0.17142857142857146,0.128
