cv-error,train-error,val-error,oos-error,train-auc,val-auc,oos-auc,train-logloss,val-logloss,oos-logloss
0.1851428571428571,0.14133333333333334,0.168,0.16,0.9318916882968009,0.9092,0.9160859465737514,0.3308073941394687,0.3990354963988066,0.358306480422616
0.18628571428571425,0.13866666666666666,0.128,0.184,0.9405483721723038,0.9299754299754299,0.9002666666666667,0.3247898293212056,0.3336221613436937,0.41222501096129416
0.18857142857142856,0.188,0.136,0.192,0.9137152336804674,0.9215861657722123,0.9069410319410319,0.4371266517539819,0.4178489899039268,0.4215843282938004
0.18285714285714286,0.152,0.232,0.2,0.9329094910679862,0.8788996029495179,0.9141323792486583,0.3686467622220516,0.401104912340641,0.36763644671440127
0.18742857142857144,0.12533333333333332,0.224,0.256,0.9492214891311277,0.8457142857142858,0.8848553601815088,0.3119601003477971,0.4316212397813797,0.3761374216079712
0.176,0.14666666666666667,0.176,0.216,0.9330701387996402,0.9080741953082379,0.8528571428571429,0.3602536144753297,0.4042648674249649,0.4229975324273109
0.19085714285714286,0.148,0.192,0.208,0.919220044453425,0.8888384754990926,0.8872067648663393,0.4206154889762402,0.42680095994472506,0.45849791836738585
0.19314285714285714,0.176,0.136,0.176,0.909995289383548,0.9427990708478513,0.9145493042952209,0.4547745827833811,0.44105807960033416,0.4413713676929474
