cv-rmse,train-rmse,oos-rmse,train-poisson-nloglik,oos-poisson-nloglik
10.294717437466792,9.168989442517118,10.292072175756198,3.7462839862278527,4.001980136871338
10.313407827500825,9.19289395900028,10.022253820230356,3.7469451904296873,3.9999250316619874
10.374473946548644,9.13938950002157,9.846518541692499,3.7357595754350936,3.9762943439483642
10.184081984315254,8.944884408219444,10.395508747571713,3.6910789606911796,4.065468097686767
10.338944668842442,8.840341261252993,9.332418682177199,3.668315877369472,3.8084922790527345
10.056809074163693,8.583758289181246,11.613968534730075,3.626426941735404,4.31987108039856
10.1329590989241,8.445531131513889,11.250724541602198,3.5947015778677804,4.213688343048096
10.148776843817172,8.864479622003872,10.471123994775265,3.678347273145403,4.053337533950805
