{"0": {"feature": ["x1", "x2", "x3", "x5", "x6", "x7", "x10", "x22", "x26", "x28", "x30", "x32", "x34", "x35", "x37", "x38", "x39", "x43", "x45", "x46", "x47", "x48", "x49", "x50", "x52", "x54", "x55"], "gain": [4.102691173553467, 3.654923915863037, 6.971275329589844, 6.616064071655273, 4.077425003051758, 3.198763370513916, 6.510446548461914, 4.806260585784912, 4.263491630554199, 29.826658248901367, 3.9320874214172363, 7.509217262268066, 9.302720069885254, 2.0087928771972656, 6.926820278167725, 3.71427321434021, 8.155353546142578, 3.7477285861968994, 5.267254829406738, 22.49821662902832, 5.522027969360352, 7.883875370025635, 15.235495567321777, 33.928367614746094, 5.500732421875, 4.025592803955078, 5.441731929779053], "weight": [16.0, 13.0, 1.0, 22.0, 2.0, 1.0, 2.0, 2.0, 10.0, 26.0, 9.0, 5.0, 21.0, 1.0, 6.0, 2.0, 5.0, 1.0, 2.0, 7.0, 2.0, 4.0, 18.0, 26.0, 2.0, 2.0, 6.0]}, "1": {"feature": ["x1", "x2", "x3", "x5", "x6", "x7", "x10", "x20", "x22", "x23", "x26", "x28", "x30", "x32", "x34", "x35", "x36", "x37", "x38", "x39", "x41", "x43", "x45", "x46", "x48", "x49", "x50", "x52", "x54", "x55"], "gain": [3.5405421257019043, 2.6977827548980713, 1.152428150177002, 6.291848659515381, 2.363077163696289, 2.0978550910949707, 0.9681949615478516, 1.5221432447433472, 1.7850278615951538, 1.5623738765716553, 1.9030512571334839, 33.29058837890625, 6.324038505554199, 4.406322479248047, 9.069374084472656, 1.7787301540374756, 3.2013087272644043, 4.011612415313721, 3.928922653198242, 4.825556755065918, 1.4456462860107422, 2.813094139099121, 3.514923095703125, 3.4181346893310547, 6.373573303222656, 12.856145858764648, 22.535627365112305, 2.351815700531006, 2.9535953998565674, 3.7335891723632812], "weight": [36.0, 15.0, 1.0, 34.0, 4.0, 4.0, 1.0, 2.0, 4.0, 2.0, 7.0, 38.0, 11.0, 4.0, 27.0, 1.0, 4.0, 12.0, 6.0, 10.0, 2.0, 1.0, 5.0, 8.0, 4.0, 27.0, 40.0, 5.0, 5.0, 11.0]}, "2": {"feature": ["x1", "x2", "x3", "x4", "x5", "x6", "x7", "x8", "x9", "x10", "x12", "x13", "x20", "x22", "x23", "x25", "x26", "x28", "x29", "x30", "x31", "x32", "x34", "x35", "x36", "x37", "x38", "x39", "x41", "x42", "x43", "x44", "x45", "x46", "x47", "x48", "x49", "x50", "x51", "x52", "x53", "x54", "x55", "x3_0", "x4_0"], "gain": [1.5795037746429443, 1.3424127101898193, 1.7591450214385986, 1.2611782550811768, 4.14255952835083, 1.357796311378479, 1.3029478788375854, 1.8172099590301514, 1.8431520462036133, 1.5907466411590576, 1.3612122535705566, 0.2335658073425293, 1.2997913360595703, 0.8345962166786194, 0.5495129823684692, 2.1262879371643066, 1.8312984704971313, 20.52037239074707, 1.0934239625930786, 5.322500228881836, 0.9998815655708313, 10.500608444213867, 6.330447673797607, 1.3606160879135132, 1.5823818445205688, 2.463486433029175, 1.9749794006347656, 2.7416796684265137, 1.0638632774353027, 1.6730990409851074, 1.0475846529006958, 0.6826012134552002, 2.3368215560913086, 7.10245943069458, 1.7147088050842285, 4.271529674530029, 12.983600616455078, 20.103858947753906, 1.1983237266540527, 2.727170705795288, 0.9656511545181274, 1.0286729335784912, 3.8257157802581787, 1.1945043802261353, 0.27683353424072266], "weight": [74.0, 47.0, 19.0, 4.0, 47.0, 6.0, 11.0, 1.0, 4.0, 11.0, 4.0, 1.0, 12.0, 7.0, 5.0, 2.0, 8.0, 31.0, 4.0, 29.0, 4.0, 7.0, 31.0, 4.0, 7.0, 14.0, 18.0, 14.0, 10.0, 1.0, 12.0, 5.0, 13.0, 24.0, 12.0, 16.0, 24.0, 37.0, 13.0, 11.0, 2.0, 14.0, 16.0, 6.0, 1.0]}, "3": {"feature": ["x1", "x2", "x3", "x5", "x6", "x7", "x9", "x10", "x20", "x22", "x28", "x29", "x30", "x32", "x34", "x35", "x36", "x37", "x38", "x39", "x41", "x43", "x44", "x45", "x46", "x47", "x48", "x49", "x50", "x51", "x52", "x54", "x55", "x3_0"], "gain": [2.20497727394104, 1.7305755615234375, 3.390152931213379, 5.567887783050537, 1.7878605127334595, 1.3299806118011475, 4.470941543579102, 1.5590276718139648, 1.3906514644622803, 1.446014404296875, 44.55545425415039, 1.121416449546814, 3.4352948665618896, 6.0875749588012695, 9.122819900512695, 2.3094472885131836, 1.3020628690719604, 5.1562299728393555, 2.141042709350586, 3.5459558963775635, 2.526228427886963, 1.007838249206543, 1.5170600414276123, 2.3450088500976562, 13.363479614257812, 6.012046813964844, 6.5759501457214355, 14.480208396911621, 31.803373336791992, 1.6920068264007568, 1.3923074007034302, 3.357727289199829, 5.364797115325928, 3.5844316482543945], "weight": [24.0, 17.0, 2.0, 19.0, 3.0, 2.0, 1.0, 5.0, 2.0, 1.0, 28.0, 1.0, 13.0, 11.0, 21.0, 1.0, 5.0, 9.0, 10.0, 6.0, 4.0, 2.0, 2.0, 9.0, 5.0, 3.0, 4.0, 11.0, 27.0, 2.0, 6.0, 3.0, 11.0, 2.0]}, "4": {"feature": ["x1", "x2", "x3", "x5", "x6", "x7", "x10", "x12", "x20", "x22", "x23", "x26", "x28", "x30", "x32", "x34", "x35", "x36", "x37", "x38", "x39", "x41", "x43", "x45", "x46", "x47", "x48", "x49", "x50", "x52", "x54", "x55", "x3_0"], "gain": [2.9735703468322754, 2.216848373413086, 5.496163845062256, 7.1923136711120605, 1.4510468244552612, 1.8948382139205933, 1.2757880687713623, 2.184276580810547, 1.205500602722168, 1.3993685245513916, 1.4257707595825195, 1.469630241394043, 30.56981658935547, 3.297192096710205, 4.297458171844482, 12.441387176513672, 1.6384620666503906, 1.4942348003387451, 4.961246967315674, 4.157641410827637, 5.266348838806152, 1.2389602661132812, 2.8253185749053955, 2.2103657722473145, 10.820569038391113, 3.004023313522339, 8.455229759216309, 16.928739547729492, 27.843313217163086, 5.745484828948975, 3.9897093772888184, 8.520418167114258, 1.4352805614471436], "weight": [22.0, 12.0, 4.0, 38.0, 3.0, 4.0, 1.0, 1.0, 1.0, 2.0, 1.0, 4.0, 32.0, 9.0, 11.0, 22.0, 1.0, 1.0, 14.0, 2.0, 10.0, 1.0, 3.0, 3.0, 15.0, 6.0, 5.0, 23.0, 35.0, 6.0, 5.0, 3.0, 1.0]}, "5": {"feature": ["x1", "x2", "x3", "x4", "x5", "x6", "x7", "x10", "x13", "x22", "x23", "x26", "x28", "x29", "x30", "x31", "x32", "x34", "x36", "x37", "x38", "x39", "x41", "x43", "x44", "x45", "x46", "x47", "x48", "x49", "x50", "x52", "x54", "x55", "x3_0"], "gain": [3.880103588104248, 3.319728136062622, 3.434748888015747, 3.717609405517578, 5.578547477722168, 3.4615297317504883, 2.5420780181884766, 3.5536537170410156, 2.6383464336395264, 2.1529898643493652, 2.7012548446655273, 2.427903652191162, 28.576332092285156, 3.072223663330078, 5.703778266906738, 2.2733535766601562, 6.4892072677612305, 6.850155830383301, 4.891304969787598, 5.678012371063232, 3.529287815093994, 6.0463714599609375, 3.190593719482422, 3.1295289993286133, 3.161224365234375, 4.250677108764648, 16.671680450439453, 2.045590877532959, 5.40076208114624, 13.963994026184082, 19.22454071044922, 2.4702658653259277, 2.5037238597869873, 2.647648334503174, 3.699016809463501], "weight": [19.0, 14.0, 4.0, 1.0, 28.0, 3.0, 2.0, 6.0, 3.0, 1.0, 1.0, 2.0, 33.0, 1.0, 10.0, 1.0, 4.0, 26.0, 7.0, 13.0, 5.0, 7.0, 1.0, 4.0, 1.0, 4.0, 5.0, 2.0, 4.0, 19.0, 44.0, 5.0, 1.0, 4.0, 4.0]}, "6": {"feature": ["x1", "x2", "x5", "x7", "x26", "x28", "x30", "x34", "x37", "x38", "x39", "x45", "x46", "x49", "x50", "x55"], "gain": [4.409313678741455, 5.289521217346191, 10.617679595947266, 3.0410730838775635, 3.9333300590515137, 34.54316329956055, 6.975289821624756, 15.326900482177734, 5.70743989944458, 5.567607402801514, 16.070152282714844, 7.925171852111816, 8.931191444396973, 17.145048141479492, 55.23149490356445, 9.093769073486328], "weight": [7.0, 5.0, 10.0, 2.0, 1.0, 16.0, 4.0, 11.0, 3.0, 1.0, 2.0, 2.0, 7.0, 9.0, 10.0, 5.0]}, "7": {"feature": ["x1", "x2", "x3", "x5", "x6", "x7", "x9", "x20", "x22", "x23", "x26", "x28", "x30", "x32", "x34", "x35", "x36", "x37", "x39", "x41", "x45", "x46", "x47", "x48", "x49", "x50", "x52", "x54", "x55", "x3_0"],