{"0": {"feature": ["x1", "x2", "x5", "x6", "x7", "x9", "x10", "x12", "x20", "x22", "x25", "x26", "x28", "x30", "x31", "x32", "x34", "x35", "x37", "x38", "x39", "x41", "x43", "x45", "x46", "x48", "x49", "x50", "x52", "x55", "x3_0"], "gain": [3.2553391456604004, 2.3434412479400635, 5.309829235076904, 1.9538339376449585, 3.0256614685058594, 1.564825415611267, 2.3010566234588623, 1.3776880502700806, 1.900581955909729, 4.586015224456787, 3.932793140411377, 3.63088059425354, 30.197595596313477, 4.232394695281982, 2.368436574935913, 4.597257614135742, 7.437929153442383, 1.9486231803894043, 3.4385478496551514, 2.4298741817474365, 6.104410648345947, 2.7561206817626953, 2.7822937965393066, 3.0450801849365234, 10.918591499328613, 2.931854724884033, 12.380441665649414, 24.934749603271484, 2.1357312202453613, 7.552455425262451, 1.8940184116363525], "weight": [26.0, 18.0, 23.0, 7.0, 1.0, 3.0, 2.0, 1.0, 2.0, 1.0, 1.0, 6.0, 28.0, 11.0, 3.0, 2.0, 23.0, 4.0, 12.0, 4.0, 7.0, 2.0, 1.0, 10.0, 6.0, 2.0, 20.0, 31.0, 6.0, 4.0, 1.0]}, "1": {"feature": ["x1", "x2", "x3", "x4", "x5", "x6", "x7", "x8", "x9", "x10", "x12", "x13", "x18", "x19", "x20", "x22", "x23", "x26", "x28", "x30", "x31", "x32", "x34", "x35", "x36", "x37", "x38", "x39", "x41", "x43", "x44", "x45", "x46", "x47", "x48", "x49", "x50", "x51", "x52", "x54", "x55", "x4_0"], "gain": [1.8957924842834473, 1.399477481842041, 1.8337736129760742, 1.0243635177612305, 3.4369428157806396, 2.369044542312622, 1.789428949356079, 1.6384916305541992, 0.6138381958007812, 1.9399698972702026, 1.3228185176849365, 0.6817669868469238, 1.053614616394043, 1.5747404098510742, 1.5251346826553345, 1.2931416034698486, 1.8041772842407227, 1.7672380208969116, 20.92617416381836, 2.512510061264038, 0.9273176789283752, 2.3894832134246826, 6.231570243835449, 1.6885799169540405, 3.9698243141174316, 3.374307155609131, 2.3225228786468506, 4.781966209411621, 1.4655547142028809, 1.9936786890029907, 0.9926815032958984, 4.176197052001953, 11.13757038116455, 3.3598411083221436, 6.114818096160889, 8.165251731872559, 17.021806716918945, 1.8709192276000977, 3.42411208152771, 1.397801399230957, 2.2260239124298096, 1.1614322662353516], "weight": [59.0, 29.0, 10.0, 2.0, 45.0, 10.0, 7.0, 1.0, 1.0, 7.0, 2.0, 1.0, 2.0, 2.0, 4.0, 6.0, 4.0, 3.0, 38.0, 18.0, 2.0, 5.0, 35.0, 6.0, 10.0, 8.0, 16.0, 7.0, 8.0, 6.0, 1.0, 7.0, 10.0, 11.0, 6.0, 25.0, 45.0, 6.0, 11.0, 7.0, 8.0, 1.0]}, "2": {"feature": ["x1", "x2", "x3", "x4", "x5", "x6", "x10", "x20", "x22", "x28", "x30", "x32", "x34", "x35", "x36", "x37", "x38", "x39", "x45", "x46", "x47", "x48", "x49", "x50"], "gain": [3.8692827224731445, 2.7865333557128906, 3.175898551940918, 2.217254638671875, 5.6114726066589355, 1.9690988063812256, 2.5456199645996094, 3.107696533203125, 1.873946189880371, 24.719362258911133, 4.127937316894531, 3.9271187782287598, 5.729182243347168, 3.448427200317383, 4.457693099975586, 4.089235782623291, 3.45084285736084, 2.355977773666382, 4.7099223136901855, 16.042917251586914, 4.783580780029297, 6.407522678375244, 13.354592323303223, 19.089229583740234], "weight": [9.0, 3.0, 2.0, 1.0, 9.0, 1.0, 1.0, 1.0, 1.0, 15.0, 3.0, 1.0, 10.0, 1.0, 2.0, 4.0, 4.0, 3.0, 3.0, 4.0, 2.0, 3.0, 8.0, 13.0]}, "3": {"feature": ["x1", "x2", "x5", "x7", "x20", "x22", "x26", "x28", "x30", "x32", "x34", "x37", "x38", "x39", "x41", "x43", "x45", "x46", "x47", "x48", "x49", "x50", "x52", "x54", "x55", "x3_0"], "gain": [3.000305652618408, 2.803678274154663, 5.425228118896484, 1.7660130262374878, 1.5339856147766113, 0.694817304611206, 0.7638040781021118, 39.15073776245117, 1.781179428100586, 8.955728530883789, 10.381189346313477, 5.002546787261963, 1.7303584814071655, 5.041344165802002, 1.131966471672058, 1.943963646888733, 3.023908853530884, 4.087958335876465, 1.042154312133789, 6.826258659362793, 5.966642379760742, 35.12931442260742, 1.69589102268219, 2.6897237300872803, 2.818213939666748, 1.1954548358917236], "weight": [30.0, 11.0, 19.0, 2.0, 1.0, 2.0, 1.0, 19.0, 8.0, 8.0, 13.0, 9.0, 5.0, 5.0, 3.0, 5.0, 1.0, 1.0, 1.0, 2.0, 12.0, 17.0, 3.0, 2.0, 5.0, 1.0]}, "4": {"feature": ["x1", "x2", "x3", "x4", "x5", "x6", "x7", "x8", "x9", "x10", "x12", "x13", "x18", "x20", "x22", "x23", "x26", "x28", "x29", "x30", "x31", "x32", "x34", "x35", "x36", "x37", "x38", "x39", "x41", "x43", "x44", "x45", "x46", "x47", "x48", "x49", "x50", "x51", "x52", "x53", "x54", "x55", "x3_0"], "gain": [2.6772379875183105, 2.1953108310699463, 3.694505453109741, 2.204512596130371, 3.941098213195801, 1.2719517946243286, 2.7273128032684326, 2.1796340942382812, 2.0267958641052246, 2.424161672592163, 1.809885025024414, 1.1095776557922363, 1.1031241416931152, 1.3797447681427002, 1.2803611755371094, 2.003755807876587, 2.267162322998047, 17.585119247436523, 2.0102901458740234, 8.049215316772461, 5.475273132324219, 3.3670215606689453, 5.374550819396973, 1.86249577999115, 2.748554229736328, 4.583724498748779, 2.571922540664673, 4.506657123565674, 1.5991770029067993, 2.0381662845611572, 1.869466781616211, 4.159534454345703, 9.536968231201172, 3.9161717891693115, 4.481663703918457, 11.387068748474121, 16.416580200195312, 1.8061295747756958, 2.2148289680480957, 2.8745107650756836, 2.6214675903320312, 4.122597694396973, 4.479280948638916], "weight": [53.0, 22.0, 14.0, 1.0, 59.0, 2.0, 6.0, 3.0, 1.0, 7.0, 1.0, 2.0, 1.0, 4.0, 3.0, 3.0, 5.0, 38.0, 1.0, 11.0, 1.0, 10.0, 36.0, 5.0, 12.0, 19.0, 12.0, 14.0, 6.0, 8.0, 3.0, 9.0, 11.0, 8.0, 13.0, 19.0, 47.0, 6.0, 8.0, 1.0, 7.0, 9.0, 2.0]}, "5": {"feature": ["x1", "x3", "x5", "x7", "x20", "x23", "x26", "x28", "x30", "x32", "x34", "x35", "x36", "x37", "x38", "x39", "x45", "x46", "x49", "x50", "x52", "x55", "x3_0"], "gain": [4.1557440757751465, 7.304980754852295, 9.980518341064453, 3.490501642227173, 9.480018615722656, 2.611489772796631, 4.090348720550537, 28.194704055786133, 4.286323547363281, 6.646900177001953, 10.011336326599121, 3.152965545654297, 3.0927159786224365, 7.644161224365234, 4.354418754577637, 7.973557949066162, 5.432265758514404, 13.54649543762207, 15.507631301879883, 25.722240447998047, 2.965242862701416, 16.25688934326172, 2.5275115966796875], "weight": [8.0, 3.0, 13.0, 4.0, 1.0, 1.0, 4.0, 23.0, 7.0, 6.0, 16.0, 1.0, 3.0, 6.0, 1.0, 6.0, 3.0, 5.0, 10.0, 22.0, 1.0, 5.0, 1.0]}, "6": {"feature": ["x1", "x2", "x5", "x20", "x28", "x30", "x34", "x36", "x37", "x38", "x39", "x41", "x45", "x46", "x47", "x49", "x50", "x52", "x55"], "gain": [1.7098530530929565, 1.3206795454025269, 6.208428859710693, 4.263767719268799, 40.01122283935547, 5.002317905426025, 13.869291305541992, 3.5229358673095703, 4.974907398223877, 1.9691658020019531, 2.47917103767395, 0.7108739018440247, 6.337640285491943, 14.522491455078125, 0.2853600084781647, 29.776046752929688, 43.502784729003906, 1.2463340759277344, 5.407510280609131], "weight": [25.0, 13.0, 17.0, 2.0, 12.0, 8.0, 8.0, 1.0, 6.0, 2.0, 3.0, 2.0, 2.0, 4.0, 1.0, 4.0, 8.0, 4.0, 5.0]}, "7": {"feature": ["x1", "x2", "x5", "x10", "x13", "x21", "x28", "x30", "x34", "x36", "x37", "x38", "x42", "x45", "x46", "x47", "x49", "x50", "x55"], "gain": [2.6862337589263916, 2.950922966003418, 9.107917785644531, 1.883986473083496, 2.5556488037109375, 3.3932228088378906, 90.19435119628906, 29.690921783447266, 14.705724716186523, 6.149940490722656, 8.026830673217773, 3.3305294513702393, 3.6463241577148438, 4.085811614990234, 44.29486846923828, 1.691650390625, 46.08921813964844, 69.90142822265625, 1.3227157592773438], "weight": [3.0, 1.0, 3.0, 2.0, 1.0, 1.0, 4.0, 1.0, 5.0, 1.0, 4.0, 3.0, 1.0, 4.0, 1.0, 1.0, 1.0, 5.0, 1.0]}}