{
    "0": {
            "feature": ["x1", "x2", "x3", "x5", "x6", "x9", "x22", "x26", "x28", "x30", "x31", "x32", "x34", "x35", "x37", "x38", "x39", "x41", "x45", "x46", "x48", "x49", "x50", "x52", "x54", "x55"], 
            "gain": [8.093181610107422, 5.074033737182617, 4.443066596984863, 11.991085052490234, 8.638006210327148, 5.438477039337158, 4.112708568572998, 6.368576526641846, 48.88228988647461, 8.383665084838867, 6.9530487060546875, 15.24797534942627, 16.019025802612305, 5.208953857421875, 5.385074615478516, 4.493293762207031, 11.174376487731934, 3.998002052307129, 6.434212684631348, 13.592846870422363, 10.381204605102539, 24.772329330444336, 58.10142517089844, 7.984156608581543, 5.378944396972656, 15.704520225524902],
            "weight": [8.0, 3.0, 1.0, 18.0, 3.0, 1.0, 2.0, 5.0, 21.0, 10.0, 1.0, 5.0, 16.0, 1.0, 3.0, 1.0, 13.0, 1.0, 2.0, 11.0, 3.0, 14.0, 18.0, 5.0, 2.0, 7.0]}, 
    "1": {
            "feature": ["x1", "x3", "x5", "x6", "x7", "x9", "x10", "x28", "x30", "x32", "x34", "x36", "x37", "x38", "x39", "x41", "x45", "x46", "x48", "x49", "x50", "x52", "x55"], 
            "gain": [5.616675853729248, 3.5059642791748047, 9.613776206970215, 3.079375743865967, 5.097781181335449, 3.1402831077575684, 2.8648605346679688, 30.437393188476562, 4.479715347290039, 9.510637283325195, 13.042268753051758, 4.388321876525879, 4.073910713195801, 5.656764507293701, 5.111331939697266, 3.4244046211242676, 4.579430103302002, 12.942084312438965, 3.4442291259765625, 16.301450729370117, 22.23481559753418, 13.437288284301758, 18.972745895385742], 
            "weight": [3.0, 1.0, 6.0, 2.0, 1.0, 1.0, 1.0, 19.0, 5.0, 5.0, 13.0, 1.0, 1.0, 3.0, 4.0, 1.0, 3.0, 1.0, 1.0, 9.0, 19.0, 2.0, 3.0]}, 
    "2": {
            "feature": ["x1", "x2", "x3", "x5", "x6", "x7", "x9", "x28", "x29", "x30", "x32", "x34", "x36", "x37", "x38", "x39", "x42", "x45", "x46", "x47", "x48", "x49", "x50", "x52", "x55", "x3_0"], 
            "gain": [3.6696887016296387, 3.4481043815612793, 3.7334823608398438, 5.763116836547852, 2.508272647857666, 4.861398696899414, 3.7264719009399414, 27.709396362304688, 2.7796974182128906, 7.781065940856934, 5.365723609924316, 7.259239196777344, 4.962361812591553, 4.75004768371582, 4.27986478805542, 4.231586456298828, 3.8561911582946777, 4.670876979827881, 11.557409286499023, 4.948753356933594, 7.665343761444092, 13.23603630065918, 21.450767517089844, 3.637031078338623, 6.912440299987793, 2.9411492347717285], 
            "weight": [49.0, 9.0, 9.0, 82.0, 2.0, 1.0, 8.0, 191.0, 2.0, 41.0, 53.0, 151.0, 12.0, 38.0, 41.0, 15.0, 4.0, 23.0, 33.0, 9.0, 11.0, 113.0, 191.0, 1.0, 39.0, 1.0]}, 
    "3": {
            "feature": ["x1", "x2", "x3", "x5", "x7", "x9", "x20", "x26", "x28", "x30", "x32", "x34", "x37", "x38", "x39", "x41", "x43", "x44", "x45", "x46", "x47", "x48", "x49", "x50", "x52", "x54", "x55", "x3_0"], 
            "gain": [6.152728080749512, 2.866462230682373, 3.5428988933563232, 8.978421211242676, 2.061326265335083, 3.7255637645721436, 1.8457801342010498, 2.7100813388824463, 63.94700241088867, 10.216401100158691, 20.131303787231445, 15.54023265838623, 7.005157470703125, 3.2849979400634766, 6.922578811645508, 2.6384992599487305, 1.806422233581543, 2.6300621032714844, 7.117517471313477, 17.950998306274414, 7.209641933441162, 10.976330757141113, 32.26736831665039, 48.61598205566406, 3.9056191444396973, 3.124180793762207, 6.906153202056885, 4.324726104736328], 
            "weight": [73.0, 13.0, 4.0, 98.0, 2.0, 3.0, 2.0, 1.0, 83.0, 24.0, 16.0, 57.0, 21.0, 6.0, 17.0, 1.0, 1.0, 1.0, 2.0, 26.0, 6.0, 18.0, 49.0, 59.0, 10.0, 8.0, 18.0, 1.0]}, 
    "4": {
            "feature": ["x1", "x2", "x3", "x5", "x7", "x8", "x9", "x10", "x12", "x19", "x20", "x21", "x22", "x23", "x25", "x26", "x28", "x29", "x30", "x31", "x32", "x34", "x35", "x36", "x37", "x38", "x39", "x40", "x41", "x43", "x44", "x45", "x46", "x47", "x48", "x49", "x50", "x51", "x52", "x54", "x55", "x3_0"], 
            "gain": [3.2405710220336914, 3.005570411682129, 4.098371982574463, 5.157144069671631, 3.7378504276275635, 4.193315505981445, 2.408632755279541, 2.586209535598755, 1.8840961456298828, 1.791409969329834, 1.6216092109680176, 1.7256431579589844, 1.6879477500915527, 2.0521628856658936, 2.927290916442871, 3.458496332168579, 24.059904098510742, 1.8580293655395508, 5.032401084899902, 10.347798347473145, 9.474595069885254, 11.256394386291504, 2.460549831390381, 4.316400051116943, 4.467302322387695, 1.9139620065689087, 13.083902359008789, 6.444995880126953, 3.575669765472412, 2.361046314239502, 2.503326416015625, 3.717628002166748, 12.444290161132812, 3.2551565170288086, 6.408533096313477, 15.683087348937988, 31.432050704956055, 2.448209047317505, 3.6642489433288574, 7.633786678314209, 6.044214725494385, 3.1374659538269043], 
            "weight": [71.0, 26.0, 10.0, 50.0, 8.0, 2.0, 2.0, 8.0, 1.0, 1.0, 1.0, 1.0, 2.0, 5.0, 2.0, 8.0, 29.0, 1.0, 22.0, 3.0, 14.0, 25.0, 2.0, 14.0, 18.0, 7.0, 11.0, 2.0, 4.0, 6.0, 1.0, 8.0, 14.0, 6.0, 13.0, 17.0, 27.0, 5.0, 9.0, 9.0, 15.0, 10.0]}, 
    "5": {
            "feature": ["x1", "x2", "x3", "x5", "x6", "x7", "x9", "x10", "x20", "x22", "x26", "x28", "x30", "x32", "x34", "x35", "x36", "x37", "x38", "x39", "x43", "x45", "x46", "x48", "x49", "x50", "x52", "x54", "x55", "x3_0"], 
            "gain": [4.234034061431885, 3.434861183166504, 4.3233771324157715, 7.414207935333252, 2.287234306335449, 3.7059438228607178, 5.04461145401001, 2.7884325981140137, 2.9395151138305664, 2.9335014820098877, 3.164069652557373, 25.23822021484375, 8.000282287597656, 3.745429277420044, 6.062938690185547, 3.3582935333251953, 3.3728785514831543, 3.940795421600342, 3.069629669189453, 4.883410453796387, 3.3652877807617188, 3.005516767501831, 10.822402954101562, 6.53356409072876, 11.624820709228516, 12.971182823181152, 6.591782569885254, 2.341963768005371, 5.683348178863525, 2.2552731037139893], 
            "weight": [16.0, 8.0, 6.0, 22.0, 1.0, 4.0, 1.0, 5.0, 2.0, 1.0, 8.0, 33.0, 6.0, 12.0, 32.0, 1.0, 5.0, 15.0, 4.0, 9.0, 2.0, 11.0, 9.0, 2.0, 18.0, 49.0, 2.0, 1.0, 9.0, 1.0]}, 
    "6": {
            "feature": ["x1", "x2", "x3", "x4", "x5", "x6", "x7", "x20", "x22", "x26", "x28", "x30", "x31", "x32", "x34", "x35", "x36", "x37", "x38", "x39", "x43", "x45", "x46", "x47", "x48", "x49", "x50", "x52", "x54", "x55", "x3_0"], 
            "gain": [1.6286741495132446, 1.9754869937896729, 1.0997178554534912, 3.8469390869140625, 3.4161248207092285, 1.0417561531066895, 4.501155376434326, 1.5328210592269897, 1.5018157958984375, 0.7921531200408936, 15.796771049499512, 3.5098886489868164, 2.2797107696533203, 3.5437324047088623, 7.85044527053833, 1.0567749738693237, 2.354372262954712, 1.690109372138977, 1.7601200342178345, 3.5983312129974365, 2.978219747543335, 2.5423104763031006, 4.5248942375183105, 0.9917730689048767, 2.551835060119629, 6.310366630554199, 16.307044982910156, 2.7325527667999268, 1.4480711221694946, 1.4225897789001465, 4.257942199707031], 
            "weight": [28.0, 17.0, 4.0, 1.0, 19.0, 4.0, 3.0, 3.0, 3.0, 2.0, 15.0, 9.0, 1.0, 6.0, 12.0, 3.0, 6.0, 7.0, 3.0, 3.0, 2.0, 7.0, 4.0, 3.0, 4.0, 10.0, 18.0, 1.0, 3.0, 3.0, 1.0]}, 
    "7": {
            "feature": ["x2", "x5", "x6", "x28", "x30", "x32", "x34", "x37", "x39", "x46", "x48", "x49", "x50", "x52", "x54", "x55"], 
            "gain": [10.590805053710938, 22.95155906677246, 13.652886390686035, 53.570926666259766, 13.611762046813965, 14.17138671875, 19.375516891479492, 10.687679290771484, 17.928260803222656, 17.409147262573242, 15.049544334411621, 28.57619285583496, 49.91272735595703, 10.134583473205566, 12.165080070495605, 13.86578369140625], 
            "weight": [1.0, 31.0, 2.0, 44.0, 7.0, 19.0, 35.0, 2.0, 22.0, 12.0, 3.0, 32.0, 39.0, 1.0, 1.0, 9.0]}}