{"0": {"feature": ["x1", "x2", "x5", "x7", "x9", "x10", "x12", "x13", "x20", "x22", "x26", "x28", "x29", "x30", "x32", "x34", "x36", "x37", "x38", "x39", "x41", "x43", "x44", "x45", "x46", "x48", "x49", "x50", "x52", "x55"], "gain": [3.854130506515503, 3.7990658283233643, 4.928538799285889, 1.946073055267334, 5.425014495849609, 2.1696348190307617, 2.341702938079834, 4.8176751136779785, 3.506711959838867, 4.626053810119629, 3.204561710357666, 39.49645233154297, 2.4420032501220703, 6.973474025726318, 4.705097675323486, 10.270917892456055, 7.089073181152344, 4.673900604248047, 4.35858154296875, 2.328188896179199, 2.6713016033172607, 1.6953659057617188, 4.7771148681640625, 5.538140296936035, 11.836759567260742, 3.7372360229492188, 17.00269889831543, 36.265811920166016, 8.426079750061035, 1.8595640659332275], "weight": [14.0, 15.0, 13.0, 2.0, 1.0, 2.0, 1.0, 3.0, 1.0, 1.0, 1.0, 13.0, 1.0, 10.0, 2.0, 10.0, 1.0, 5.0, 3.0, 1.0, 1.0, 1.0, 1.0, 4.0, 5.0, 2.0, 8.0, 13.0, 1.0, 1.0]}, "1": {"feature": ["x1", "x2", "x3", "x5", "x6", "x7", "x9", "x10", "x20", "x23", "x26", "x28", "x30", "x31", "x32", "x34", "x35", "x36", "x37", "x38", "x39", "x41", "x43", "x45", "x46", "x47", "x48", "x49", "x50", "x51", "x52", "x54", "x55", "x3_0"], "gain": [1.8521955013275146, 1.143470048904419, 1.3761711120605469, 4.639657497406006, 1.179997205734253, 2.461383104324341, 1.4593477249145508, 1.0614174604415894, 1.9075677394866943, 1.8022884130477905, 0.8110435605049133, 26.162580490112305, 7.869340896606445, 3.674130439758301, 3.5941543579101562, 6.858605861663818, 0.9892470836639404, 1.4949527978897095, 1.8913116455078125, 1.163557529449463, 4.169366359710693, 2.0464274883270264, 2.188748836517334, 2.661485195159912, 8.460309028625488, 1.987604022026062, 0.892008364200592, 15.298357963562012, 29.840253829956055, 0.46498703956604004, 0.5790270566940308, 2.297600507736206, 4.165083408355713, 1.9224392175674438], "weight": [15.0, 18.0, 5.0, 21.0, 3.0, 2.0, 3.0, 3.0, 2.0, 4.0, 3.0, 11.0, 8.0, 2.0, 5.0, 9.0, 3.0, 3.0, 2.0, 4.0, 8.0, 2.0, 2.0, 1.0, 7.0, 7.0, 3.0, 10.0, 9.0, 2.0, 2.0, 3.0, 3.0, 3.0]}, "2": {"feature": ["x1", "x2", "x3", "x5", "x6", "x7", "x9", "x20", "x22", "x26", "x28", "x30", "x32", "x34", "x35", "x37", "x38", "x39", "x41", "x43", "x45", "x46", "x47", "x48", "x49", "x50", "x52", "x54", "x55", "x3_0"], "gain": [2.3252298831939697, 1.3443979024887085, 2.9193038940429688, 6.462255001068115, 1.8670343160629272, 0.8624475002288818, 3.196847677230835, 0.9929825663566589, 0.4190586805343628, 0.23687317967414856, 42.955963134765625, 7.938332557678223, 8.842559814453125, 10.867037773132324, 0.45376625657081604, 4.451702117919922, 3.2263197898864746, 6.056483745574951, 1.546703815460205, 0.8114745020866394, 4.464415073394775, 13.243648529052734, 4.52885627746582, 6.556154727935791, 24.72590446472168, 30.612937927246094, 2.2744362354278564, 8.523530006408691, 6.938995361328125, 1.3480730056762695], "weight": [39.0, 12.0, 2.0, 21.0, 1.0, 3.0, 5.0, 2.0, 1.0, 1.0, 21.0, 15.0, 13.0, 24.0, 1.0, 5.0, 7.0, 6.0, 1.0, 1.0, 9.0, 11.0, 2.0, 6.0, 17.0, 25.0, 6.0, 1.0, 11.0, 2.0]}, "3": {"feature": ["x1", "x2", "x3", "x5", "x7", "x9", "x10", "x13", "x20", "x23", "x25", "x28", "x29", "x30", "x31", "x32", "x34", "x36", "x37", "x38", "x39", "x41", "x42", "x43", "x45", "x46", "x47", "x48", "x49", "x50", "x51", "x52", "x54", "x55", "x3_0"], "gain": [3.5287740230560303, 3.7712457180023193, 2.410630226135254, 6.619397163391113, 2.4651737213134766, 2.816580057144165, 2.059152603149414, 2.2407689094543457, 1.4060254096984863, 1.634730339050293, 3.4430480003356934, 29.418569564819336, 1.5930404663085938, 5.331006050109863, 3.5905590057373047, 6.721190929412842, 10.667143821716309, 2.5976672172546387, 3.981908082962036, 3.1153507232666016, 4.038222789764404, 2.350533962249756, 2.6691598892211914, 2.4172449111938477, 3.6579208374023438, 7.58489990234375, 3.1927201747894287, 2.6813714504241943, 9.458728790283203, 23.659671783447266, 1.999763011932373, 8.307106971740723, 2.255345344543457, 5.552122592926025, 3.6126136779785156], "weight": [28.0, 11.0, 4.0, 23.0, 2.0, 2.0, 1.0, 2.0, 1.0, 1.0, 1.0, 27.0, 1.0, 10.0, 1.0, 12.0, 19.0, 9.0, 14.0, 2.0, 6.0, 2.0, 2.0, 3.0, 9.0, 7.0, 3.0, 3.0, 21.0, 30.0, 3.0, 3.0, 6.0, 9.0, 1.0]}, "4": {"feature": ["x1", "x2", "x3", "x4", "x5", "x6", "x7", "x8", "x10", "x12", "x13", "x18", "x19", "x20", "x21", "x22", "x23", "x26", "x28", "x29", "x30", "x31", "x32", "x34", "x35", "x36", "x37", "x38", "x39", "x41", "x43", "x45", "x46", "x47", "x48", "x49", "x50", "x51", "x52", "x54", "x55", "x3_0", "x4_0"], "gain": [3.365321636199951, 3.1003036499023438, 4.619022846221924, 0.42322731018066406, 8.76380443572998, 1.1066970825195312, 1.4308722019195557, 2.667247772216797, 2.158154249191284, 1.2280149459838867, 0.6849963068962097, 0.1647186279296875, 2.184986114501953, 0.9293783903121948, 0.5516746044158936, 2.813894271850586, 1.6908957958221436, 1.3079837560653687, 43.127197265625, 1.1350367069244385, 7.686410427093506, 0.7829132080078125, 7.4572434425354, 12.768213272094727, 0.16478538513183594, 4.3472394943237305, 5.39134407043457, 1.9942876100540161, 10.29092788696289, 0.9916723370552063, 2.6811695098876953, 3.1780569553375244, 11.611571311950684, 10.325004577636719, 3.903268337249756, 16.813880920410156, 44.64469909667969, 1.610603928565979, 3.655940055847168, 3.2118988037109375, 7.753078937530518, 3.46110463142395, 0.9790310859680176], "weight": [26.0, 25.0, 4.0, 1.0, 25.0, 1.0, 5.0, 3.0, 4.0, 2.0, 3.0, 1.0, 1.0, 2.0, 2.0, 1.0, 5.0, 2.0, 22.0, 2.0, 12.0, 1.0, 5.0, 23.0, 2.0, 14.0, 9.0, 11.0, 11.0, 5.0, 7.0, 6.0, 15.0, 1.0, 5.0, 22.0, 17.0, 6.0, 3.0, 7.0, 12.0, 7.0, 1.0]}, "5": {"feature": ["x1", "x2", "x3", "x5", "x7", "x20", "x22", "x26", "x28", "x30", "x32", "x34", "x36", "x37", "x38", "x39", "x43", "x45", "x46", "x47", "x48", "x49", "x50", "x55", "x3_0"], "gain": [3.6265549659729004, 5.159181594848633, 8.772603034973145, 6.400567531585693, 3.11000919342041, 4.754302978515625, 4.258352279663086, 3.2781503200531006, 33.16986846923828, 7.720614433288574, 5.443645000457764, 8.821626663208008, 2.923170566558838, 8.354026794433594, 4.464858055114746, 2.3874454498291016, 4.685827732086182, 5.379303455352783, 18.539762496948242, 4.5884881019592285, 4.28472900390625, 12.824289321899414, 25.027694702148438, 13.467737197875977, 9.621612548828125], "weight": [13.0, 6.0, 3.0, 20.0, 2.0, 2.0, 1.0, 3.0, 31.0, 8.0, 2.0, 21.0, 2.0, 10.0, 7.0, 1.0, 2.0, 5.0, 5.0, 3.0, 1.0, 15.0, 37.0, 4.0, 1.0]}, "6": {"feature": ["x1", "x2", "x3", "x4", "x5", "x6", "x7", "x9", "x20", "x22", "x26", "x28", "x30", "x32", "x34", "x37", "x38", "x39", "x43", "x45", "x46", "x47", "x48", "x49", "x50", "x52", "x54", "x55", "x3_0"], "gain": [2.7526700496673584, 2.5984535217285156, 3.1399714946746826, 2.044832229614258, 6.5645270347595215, 2.214833974838257, 3.0076215267181396, 1.8550784587860107, 6.385929107666016, 2.293239116668701, 2.8420474529266357, 34.50632858276367, 4.239787578582764, 13.573952674865723, 12.469982147216797, 5.801762580871582, 2.7908999919891357, 5.78265905380249, 3.052198648452759, 4.8427815437316895, 4.234395503997803, 3.2982888221740723, 2.8358442783355713, 4.661401271820068, 33.66800308227539, 8.961821556091309, 1.770338535308838, 3.8895070552825928, 2.895883560180664], "weight": [17.0, 11.0, 2.0, 1.0, 14.0, 1.0, 5.0, 1.0, 2.0, 4.0, 2.0, 20.0, 8.0, 2.0, 11.0, 7.0, 6.0, 4.0, 2.0, 3.0, 4.0, 2.0, 3.0, 9.0, 14.0, 1.0, 2.0, 3.0, 1.0]}, "7": {"feature": ["x1", "x2", "x5", "x10", "x20", "x22", "x26", "x28", "x30", "x32", "x34", "x36", "x37", "x38", "x39", "x43", "x45", "x46", "x48", "x49", "x50", "x52", "x55", "x3_0"],