{"0": {"feature": ["x1", "x2", "x5", "x6", "x9", "x10", "x13", "x19", "x22", "x25", "x26", "x28", "x30", "x31", "x32", "x34", "x35", "x36", "x37", "x38", "x39", "x41", "x43", "x45", "x46", "x48", "x49", "x50", "x52", "x54", "x55"], "gain": [4.5213799476623535, 4.318105697631836, 9.033367156982422, 3.919473648071289, 5.291970252990723, 2.7405340671539307, 2.6999778747558594, 2.818742513656616, 2.5598812103271484, 4.289449691772461, 4.297165393829346, 35.25182342529297, 8.018665313720703, 6.676456451416016, 9.427499771118164, 15.340581893920898, 2.557126045227051, 3.792794704437256, 5.641172885894775, 3.738424777984619, 9.486655235290527, 5.375838279724121, 3.0214297771453857, 5.195989608764648, 13.471501350402832, 8.749970436096191, 24.152690887451172, 48.296390533447266, 8.829785346984863, 6.0363945960998535, 9.300629615783691], "weight": [12.0, 12.0, 29.0, 5.0, 5.0, 1.0, 1.0, 2.0, 1.0, 1.0, 9.0, 25.0, 15.0, 3.0, 13.0, 27.0, 1.0, 5.0, 10.0, 7.0, 12.0, 2.0, 3.0, 11.0, 20.0, 8.0, 25.0, 25.0, 7.0, 3.0, 14.0]}, "1": {"feature": ["x1", "x5", "x6", "x28", "x30", "x32", "x34", "x37", "x38", "x39", "x41", "x45", "x46", "x48", "x49", "x50", "x55"], "gain": [5.6108245849609375, 7.716193199157715, 5.645183563232422, 49.3996467590332, 12.315364837646484, 5.3938727378845215, 19.881303787231445, 5.783522605895996, 7.694110870361328, 6.247377872467041, 6.154645919799805, 5.491640090942383, 9.875630378723145, 8.133949279785156, 23.27202606201172, 38.495567321777344, 18.07925796508789], "weight": [3.0, 8.0, 3.0, 22.0, 2.0, 4.0, 12.0, 1.0, 2.0, 6.0, 1.0, 1.0, 3.0, 1.0, 11.0, 24.0, 2.0]}, "2": {"feature": ["x1", "x2", "x3", "x5", "x6", "x7", "x9", "x22", "x28", "x30", "x34", "x38", "x39", "x41", "x45", "x46", "x48", "x49", "x50", "x52", "x54", "x55", "x3_0"], "gain": [3.5592727661132812, 2.2415854930877686, 1.280303955078125, 6.343127727508545, 3.4101836681365967, 1.1794224977493286, 2.416193962097168, 1.5912421941757202, 42.75912094116211, 7.255387306213379, 13.886126518249512, 4.3871588706970215, 5.1390180587768555, 1.6852731704711914, 5.230561256408691, 6.498219966888428, 2.6123204231262207, 16.239830017089844, 45.29194641113281, 2.413809299468994, 2.233431816101074, 4.775822639465332, 1.4271087646484375], "weight": [25.0, 10.0, 1.0, 24.0, 3.0, 2.0, 2.0, 2.0, 38.0, 16.0, 20.0, 5.0, 5.0, 2.0, 7.0, 10.0, 2.0, 24.0, 24.0, 5.0, 4.0, 14.0, 1.0]}, "3": {"feature": ["x1", "x2", "x3", "x5", "x6", "x7", "x9", "x10", "x13", "x20", "x22", "x23", "x26", "x28", "x30", "x31", "x32", "x34", "x36", "x37", "x38", "x39", "x41", "x43", "x45", "x46", "x47", "x48", "x49", "x50", "x51", "x52", "x54", "x55", "x3_0", "x4_0"], "gain": [2.9790139198303223, 1.8841296434402466, 2.293572425842285, 5.955001354217529, 1.8544025421142578, 2.1202852725982666, 4.497035503387451, 1.014095425605774, 2.03353214263916, 2.3183786869049072, 1.181145191192627, 0.9329829216003418, 1.2330644130706787, 33.33888244628906, 4.38034725189209, 0.8365380167961121, 14.293732643127441, 11.810425758361816, 3.8318827152252197, 4.833468914031982, 2.088736057281494, 7.2129364013671875, 0.8320136070251465, 1.3465805053710938, 3.6577537059783936, 8.079190254211426, 1.1112451553344727, 3.144625186920166, 20.463428497314453, 38.16593551635742, 1.7364270687103271, 3.966782808303833, 1.645914077758789, 4.366922855377197, 4.166468620300293, 1.3451995849609375], "weight": [44.0, 25.0, 4.0, 44.0, 4.0, 11.0, 2.0, 2.0, 3.0, 4.0, 2.0, 2.0, 2.0, 33.0, 14.0, 1.0, 17.0, 28.0, 14.0, 21.0, 5.0, 8.0, 1.0, 9.0, 14.0, 11.0, 1.0, 5.0, 22.0, 25.0, 2.0, 9.0, 10.0, 11.0, 3.0, 1.0]}, "4": {"feature": ["x1", "x2", "x3", "x5", "x7", "x20", "x23", "x26", "x28", "x30", "x32", "x34", "x36", "x37", "x39", "x45", "x46", "x47", "x48", "x49", "x50", "x52", "x54", "x55", "x3_0"], "gain": [7.450315475463867, 4.138315200805664, 5.919889450073242, 13.630867958068848, 7.286642074584961, 3.0922651290893555, 3.0957717895507812, 3.9820144176483154, 70.91780853271484, 14.412732124328613, 12.815520286560059, 18.342662811279297, 4.929333209991455, 8.979033470153809, 13.971356391906738, 5.506426811218262, 17.932422637939453, 4.3303375244140625, 10.784278869628906, 29.430089950561523, 47.87397384643555, 15.002243041992188, 6.21314001083374, 12.736396789550781, 8.705110549926758], "weight": [8.0, 4.0, 2.0, 12.0, 1.0, 1.0, 1.0, 2.0, 10.0, 10.0, 7.0, 13.0, 1.0, 3.0, 6.0, 1.0, 10.0, 1.0, 4.0, 12.0, 16.0, 2.0, 4.0, 4.0, 2.0]}, "5": {"feature": ["x1", "x2", "x3", "x5", "x7", "x26", "x28", "x30", "x32", "x34", "x37", "x39", "x45", "x46", "x49", "x50", "x55", "x3_0"], "gain": [4.554685592651367, 6.510820388793945, 16.827545166015625, 12.215744018554688, 3.998678207397461, 4.104269981384277, 37.60687255859375, 2.5073843002319336, 9.79147720336914, 11.393745422363281, 10.753737449645996, 4.3619794845581055, 7.386256694793701, 24.32834815979004, 29.19664192199707, 59.1451416015625, 8.385234832763672, 8.32375717163086], "weight": [3.0, 1.0, 1.0, 8.0, 1.0, 2.0, 6.0, 1.0, 2.0, 5.0, 2.0, 2.0, 1.0, 2.0, 4.0, 5.0, 1.0, 1.0]}, "6": {"feature": ["x1", "x2", "x3", "x5", "x7", "x9", "x22", "x28", "x30", "x32", "x34", "x36", "x37", "x38", "x39", "x42", "x43", "x45", "x46", "x48", "x49", "x50", "x51", "x52", "x54", "x55"], "gain": [3.8548977375030518, 4.377309322357178, 5.540992736816406, 15.40138053894043, 2.850630283355713, 3.66548490524292, 1.2321343421936035, 44.0044059753418, 8.42578411102295, 12.220870018005371, 10.53355884552002, 6.552463531494141, 5.760213851928711, 2.04250431060791, 9.625532150268555, 2.780301094055176, 1.781829833984375, 7.397617340087891, 7.579093933105469, 4.286977767944336, 19.440250396728516, 36.49821090698242, 8.130565643310547, 3.0565245151519775, 7.424182891845703, 1.3050956726074219], "weight": [6.0, 5.0, 1.0, 5.0, 2.0, 1.0, 1.0, 11.0, 3.0, 3.0, 14.0, 2.0, 5.0, 2.0, 1.0, 1.0, 1.0, 4.0, 1.0, 2.0, 6.0, 10.0, 1.0, 1.0, 1.0, 1.0]}, "7": {"feature": ["x1", "x2", "x3", "x5", "x6", "x7", "x20", "x22", "x26", "x28", "x30", "x32", "x34", "x36", "x37", "x38", "x39", "x41", "x43", "x45", "x46", "x47", "x48", "x49", "x50", "x51", "x52", "x55", "x3_0"], "gain": [3.8384344577789307, 4.182462215423584, 3.117565155029297, 6.77257776260376, 3.6111268997192383, 2.618976593017578, 3.791027069091797, 3.536892890930176, 2.750293254852295, 39.18871307373047, 6.075291633605957, 5.621006011962891, 9.206028938293457, 4.032983303070068, 5.581175804138184, 4.4943766593933105, 9.829938888549805, 3.743685722351074, 2.2892799377441406, 4.954148292541504, 13.537116050720215, 6.063587188720703, 10.504612922668457, 15.851841926574707, 33.1229133605957, 2.215945243835449, 3.520977735519409, 11.07623291015625, 2.728395462036133], "weight": [36.0, 48.0, 1.0, 47.0, 8.0, 2.0, 1.0, 4.0, 4.0, 63.0, 14.0, 19.0, 65.0, 9.0, 29.0, 4.0, 5.0, 2.0, 1.0, 18.0, 17.0, 3.0, 10.0, 40.0, 64.0, 1.0, 4.0, 8.0, 1.0]}}