{"0": {"feature": ["x1", "x2", "x3", "x5", "x6", "x7", "x10", "x12", "x13", "x20", "x22", "x23", "x26", "x28", "x30", "x31", "x34", "x35", "x37", "x38", "x39", "x41", "x43", "x45", "x46", "x47", "x48", "x49", "x50", "x52", "x55", "x3_0"], "gain": [2.7685861587524414, 1.8717114925384521, 2.6595306396484375, 5.079935073852539, 2.005570650100708, 1.0051559209823608, 1.2312963008880615, 0.6146458387374878, 2.66727352142334, 2.4273853302001953, 1.303099513053894, 0.8360652923583984, 2.6302056312561035, 34.52189254760742, 4.5223307609558105, 1.7115345001220703, 7.390851974487305, 1.9219703674316406, 3.3199985027313232, 2.1335012912750244, 6.86293888092041, 1.1267094612121582, 1.0451178550720215, 4.829753398895264, 16.69108009338379, 1.9569644927978516, 11.137551307678223, 18.23708724975586, 31.081872940063477, 1.332763671875, 3.447664499282837, 0.8050918579101562], "weight": [25.0, 15.0, 1.0, 30.0, 2.0, 3.0, 2.0, 1.0, 1.0, 1.0, 3.0, 2.0, 2.0, 31.0, 8.0, 3.0, 23.0, 1.0, 9.0, 9.0, 5.0, 3.0, 1.0, 4.0, 5.0, 4.0, 1.0, 13.0, 19.0, 2.0, 7.0, 3.0]}, "1": {"feature": ["x1", "x2", "x3", "x5", "x6", "x7", "x9", "x10", "x12", "x19", "x20", "x22", "x23", "x25", "x26", "x28", "x29", "x30", "x32", "x34", "x35", "x36", "x37", "x38", "x39", "x41", "x42", "x43", "x45", "x46", "x47", "x48", "x49", "x50", "x51", "x52", "x54", "x55"], "gain": [2.748016357421875, 2.2877461910247803, 4.0196967124938965, 2.3507540225982666, 2.828378200531006, 1.9592084884643555, 1.6245737075805664, 2.6970560550689697, 1.678436279296875, 4.212924003601074, 2.3332958221435547, 2.440315008163452, 2.5246899127960205, 2.128714084625244, 1.8301082849502563, 32.06855392456055, 1.833787441253662, 8.565155982971191, 2.214505910873413, 9.568268775939941, 2.030938148498535, 3.1973042488098145, 2.535884380340576, 2.653341770172119, 2.531965494155884, 2.401973009109497, 1.9115656614303589, 2.015472412109375, 3.723076581954956, 2.17048978805542, 1.885459303855896, 2.8879528045654297, 6.057624816894531, 52.54227066040039, 1.593285083770752, 3.2362260818481445, 1.667452335357666, 2.6271934509277344], "weight": [62.0, 27.0, 5.0, 24.0, 7.0, 6.0, 1.0, 2.0, 1.0, 1.0, 2.0, 3.0, 1.0, 1.0, 6.0, 19.0, 1.0, 7.0, 3.0, 7.0, 4.0, 4.0, 5.0, 9.0, 8.0, 4.0, 2.0, 4.0, 5.0, 7.0, 1.0, 2.0, 12.0, 6.0, 4.0, 9.0, 4.0, 5.0]}, "2": {"feature": ["x1", "x2", "x3", "x4", "x5", "x6", "x7", "x8", "x9", "x10", "x12", "x13", "x18", "x19", "x20", "x23", "x25", "x28", "x29", "x30", "x32", "x34", "x36", "x37", "x38", "x39", "x41", "x42", "x43", "x44", "x45", "x46", "x47", "x48", "x49", "x50", "x51", "x52", "x53", "x54", "x55", "x4_0"], "gain": [1.099338173866272, 0.998486340045929, 1.896185040473938, 0.6676867008209229, 3.069192409515381, 1.0535482168197632, 1.2880558967590332, 1.3855485916137695, 2.31685209274292, 1.774428129196167, 0.7778759002685547, 1.4015541076660156, 0.5244297981262207, 1.3264446258544922, 1.14411199092865, 0.8889811635017395, 1.1746768951416016, 18.89656639099121, 1.2088350057601929, 3.508671760559082, 1.3114728927612305, 3.1531875133514404, 2.2617387771606445, 2.858572006225586, 1.6469427347183228, 1.4679522514343262, 0.8673315048217773, 2.467611789703369, 1.14618718624115, 1.120171070098877, 1.7866342067718506, 13.633456230163574, 2.570953369140625, 3.6521036624908447, 7.127824783325195, 15.362360000610352, 0.5546603798866272, 0.37800365686416626, 0.8063793778419495, 0.41585394740104675, 3.443417549133301, 0.9837074279785156], "weight": [60.0, 34.0, 15.0, 9.0, 47.0, 10.0, 1.0, 6.0, 10.0, 5.0, 1.0, 2.0, 1.0, 2.0, 1.0, 3.0, 1.0, 49.0, 4.0, 19.0, 18.0, 57.0, 25.0, 21.0, 48.0, 8.0, 1.0, 8.0, 3.0, 7.0, 36.0, 12.0, 17.0, 13.0, 39.0, 57.0, 22.0, 2.0, 6.0, 2.0, 16.0, 1.0]}, "3": {"feature": ["x1", "x2", "x5", "x10", "x28", "x30", "x32", "x34", "x37", "x39", "x45", "x46", "x47", "x48", "x49", "x50", "x52"], "gain": [5.507289409637451, 3.572669744491577, 9.53849983215332, 2.514270544052124, 54.26790237426758, 18.38077163696289, 14.525795936584473, 10.02365779876709, 4.994419097900391, 18.295745849609375, 3.888761043548584, 11.4721097946167, 4.509899139404297, 9.404720306396484, 26.478124618530273, 54.89091873168945, 5.786620140075684], "weight": [6.0, 3.0, 7.0, 1.0, 4.0, 4.0, 3.0, 4.0, 1.0, 1.0, 2.0, 3.0, 2.0, 2.0, 10.0, 5.0, 2.0]}, "4": {"feature": ["x1", "x2", "x3", "x5", "x6", "x7", "x8", "x10", "x18", "x20", "x22", "x23", "x26", "x28", "x30", "x32", "x34", "x35", "x36", "x37", "x38", "x39", "x41", "x43", "x44", "x45", "x46", "x48", "x49", "x50", "x51", "x52", "x54", "x55", "x3_0"], "gain": [2.340195417404175, 1.8318054676055908, 5.362043857574463, 3.9107697010040283, 1.6323347091674805, 1.198179841041565, 2.5528969764709473, 2.7312729358673096, 1.1075334548950195, 1.0589346885681152, 2.0010600090026855, 1.141478180885315, 4.32077693939209, 31.682373046875, 2.1941492557525635, 4.532128810882568, 8.998345375061035, 1.4016317129135132, 7.028727054595947, 5.4915547370910645, 1.4708747863769531, 4.3109049797058105, 1.4825730323791504, 2.6634204387664795, 2.733795166015625, 6.2699151039123535, 6.051016330718994, 2.7383205890655518, 11.157054901123047, 23.234844207763672, 2.1890907287597656, 2.936175584793091, 2.2486732006073, 2.432225227355957, 6.488343715667725], "weight": [20.0, 20.0, 4.0, 25.0, 1.0, 5.0, 1.0, 2.0, 1.0, 2.0, 2.0, 1.0, 1.0, 13.0, 6.0, 4.0, 11.0, 2.0, 3.0, 7.0, 4.0, 3.0, 2.0, 4.0, 2.0, 3.0, 6.0, 3.0, 9.0, 17.0, 4.0, 3.0, 3.0, 4.0, 3.0]}, "5": {"feature": ["x1", "x2", "x3", "x5", "x7", "x9", "x10", "x20", "x22", "x23", "x26", "x28", "x30", "x32", "x34", "x35", "x36", "x37", "x38", "x39", "x41", "x43", "x45", "x46", "x48", "x49", "x50", "x52", "x54", "x55"], "gain": [3.739609479904175, 3.622264862060547, 6.133866786956787, 7.1948113441467285, 3.947573184967041, 3.073019504547119, 1.6887307167053223, 2.084932327270508, 2.729915142059326, 2.3041915893554688, 2.5099897384643555, 30.802978515625, 5.478388786315918, 11.859501838684082, 10.45622730255127, 5.239986419677734, 5.448203086853027, 4.655901908874512, 2.8820319175720215, 4.633768558502197, 1.6925973892211914, 2.6600100994110107, 5.70316219329834, 13.900288581848145, 5.892290115356445, 20.545366287231445, 33.65119934082031, 3.259225845336914, 2.2412538528442383, 6.770397186279297], "weight": [7.0, 6.0, 3.0, 13.0, 2.0, 1.0, 2.0, 2.0, 2.0, 1.0, 6.0, 9.0, 11.0, 1.0, 8.0, 1.0, 1.0, 7.0, 4.0, 5.0, 2.0, 3.0, 2.0, 6.0, 4.0, 5.0, 9.0, 3.0, 1.0, 5.0]}, "6": {"feature": ["x1", "x2", "x3", "x4", "x5", "x6", "x7", "x8", "x9", "x10", "x12", "x13", "x16", "x18", "x19", "x20", "x22", "x23", "x26", "x28", "x29", "x30", "x31", "x32", "x34", "x35", "x36", "x37", "x38", "x39", "x41", "x42", "x43", "x44", "x45", "x46", "x47", "x48", "x49", "x50", "x51", "x52", "x53", "x54", "x55", "x3_0", "x4_0"], "gain": [0.7343941330909729, 0.7111409902572632, 0.7581418752670288, 0.75312340259552, 1.2197015285491943, 0.6021416187286377, 0.6504159569740295, 0.38756003975868225, 0.7622312307357788, 0.7854486107826233, 0.4443022906780243, 0.36092764139175415, 0.10677909851074219, 0.8160648941993713, 0.7755104899406433, 0.8779347538948059, 0.5018687844276428, 0.604558527469635, 0.5357003808021545, 7.057310104370117, 0.4141652584075928, 1.0847924947738647, 0.5662545561790466, 0.9440177083015442, 2.4968252182006836, 0.5170648097991943, 1.3520294427871704, 1.1641907691955566, 0.8093153834342957, 1.7548332214355469, 0.5444726943969727, 1.018256664276123, 0.6619208455085754, 0.712672770023346, 1.2329434156417847, 1.5799263715744019, 0.9663209915161133, 0.8208631873130798, 2.6023807525634766, 5.938179969787598, 0.995808482170105, 0.679945170879364, 0.42100805044174194, 0.5634344220161438, 1.0276433229446411, 0.6345694065093994, 0.49394699931144714], "weight": [295.0, 156.0, 20.0, 10.0, 185.0, 26.0, 45.0, 2.0, 11.0, 14.0, 11.0, 5.0, 1.0, 12.0, 5.0, 39.0, 40.0, 22.0, 39.0, 71.0, 2.0, 49.0, 13.0, 40.0, 79.0, 26.0, 29.0, 59.0, 53.0, 44.0, 33.0, 9.0, 55.0, 15.0, 42.0, 33.0, 20.0, 44.0, 57.0, 109.0, 9.0, 47.0, 4.0, 36.0, 35.0, 15.0, 3.0]},