{"0": {"feature": ["x1", "x2", "x3", "x4", "x5", "x6", "x7", "x8", "x9", "x10", "x12", "x13", "x16", "x17", "x18", "x19", "x20", "x21", "x22", "x23", "x25", "x26", "x28", "x29", "x30", "x31", "x32", "x34", "x35", "x36", "x37", "x38", "x39", "x41", "x42", "x43", "x44", "x45", "x46", "x47", "x48", "x49", "x50", "x51", "x52", "x53", "x54", "x55", "x3_0", "x4_0"], "gain": [407.91845703125, 380.0687255859375, 298.84564208984375, 236.6878662109375, 466.8659973144531, 94.1096420288086, 1656.63623046875, 211.2736358642578, 575.9708862304688, 97.22137451171875, 382.958251953125, 302.074462890625, 435.2851867675781, 321.07427978515625, 125.38340759277344, 66.87240600585938, 128.51353454589844, 67.035888671875, 209.92025756835938, 168.18898010253906, 39.7993278503418, 226.21121215820312, 1919.989013671875, 123.8227767944336, 3266.556640625, 167.0238800048828, 2205.1689453125, 285.6954345703125, 359.12799072265625, 140.1717071533203, 251.431884765625, 284.0354919433594, 178.90518188476562, 188.4615478515625, 30.595733642578125, 157.2943572998047, 114.55171966552734, 89.09249877929688, 530.8364868164062, 649.3795166015625, 2375.324951171875, 484.1546325683594, 308.4268493652344, 108.07183074951172, 269.6846008300781, 356.4466247558594, 194.8791046142578, 1135.9632568359375, 265.5214538574219, 279.9594421386719], "weight": [127.0, 84.0, 29.0, 16.0, 92.0, 8.0, 35.0, 7.0, 21.0, 7.0, 8.0, 2.0, 6.0, 1.0, 9.0, 10.0, 27.0, 1.0, 23.0, 14.0, 3.0, 27.0, 30.0, 1.0, 46.0, 10.0, 20.0, 16.0, 20.0, 10.0, 11.0, 18.0, 18.0, 23.0, 1.0, 11.0, 4.0, 11.0, 33.0, 10.0, 29.0, 18.0, 18.0, 4.0, 19.0, 10.0, 15.0, 35.0, 6.0, 9.0]}, "1": {"feature": ["x1", "x2", "x3", "x4", "x5", "x6", "x7", "x8", "x9", "x10", "x12", "x13", "x16", "x18", "x19", "x20", "x22", "x23", "x26", "x28", "x30", "x31", "x32", "x34", "x35", "x36", "x37", "x38", "x39", "x40", "x41", "x42", "x43", "x44", "x45", "x46", "x47", "x48", "x49", "x50", "x51", "x52", "x53", "x54", "x55", "x3_0", "x4_0"], "gain": [370.5378723144531, 382.74853515625, 194.72109985351562, 658.0325927734375, 450.2581787109375, 90.45553588867188, 1218.7286376953125, 118.43861389160156, 627.17041015625, 323.9046325683594, 96.60454559326172, 268.4319763183594, 292.4884033203125, 249.884765625, 145.14439392089844, 252.7063751220703, 578.3595581054688, 109.3033447265625, 411.2517395019531, 1480.564697265625, 6718.306640625, 310.1427001953125, 1455.53173828125, 153.099365234375, 367.96923828125, 301.1534118652344, 116.4840316772461, 522.0958251953125, 161.9568634033203, 248.37158203125, 151.78460693359375, 113.66098022460938, 154.90179443359375, 78.97269439697266, 126.77848052978516, 639.4043579101562, 405.3881530761719, 4787.14599609375, 195.3126220703125, 416.9526672363281, 64.57805633544922, 127.26216125488281, 273.2289733886719, 221.8834228515625, 1192.45947265625, 489.63671875, 632.968505859375], "weight": [66.0, 55.0, 22.0, 13.0, 63.0, 4.0, 18.0, 9.0, 14.0, 3.0, 4.0, 2.0, 2.0, 7.0, 2.0, 8.0, 5.0, 10.0, 12.0, 14.0, 30.0, 2.0, 16.0, 1.0, 12.0, 11.0, 5.0, 5.0, 7.0, 2.0, 8.0, 3.0, 4.0, 3.0, 3.0, 15.0, 8.0, 16.0, 3.0, 12.0, 1.0, 5.0, 10.0, 4.0, 15.0, 1.0, 3.0]}, "2": {"feature": ["x1", "x2", "x3", "x4", "x5", "x6", "x7", "x8", "x9", "x10", "x12", "x13", "x15", "x17", "x18", "x19", "x20", "x21", "x22", "x23", "x26", "x28", "x29", "x30", "x31", "x32", "x34", "x35", "x36", "x37", "x38", "x39", "x40", "x41", "x42", "x43", "x44", "x45", "x46", "x47", "x48", "x49", "x50", "x51", "x52", "x53", "x54", "x55", "x3_0", "x4_0"], "gain": [370.8526306152344, 496.7442932128906, 238.9475555419922, 636.4628295898438, 394.99749755859375, 428.787109375, 1379.6912841796875, 311.384521484375, 359.2113952636719, 44.2893180847168, 318.7106018066406, 432.179443359375, 78.15719604492188, 190.3856964111328, 216.53282165527344, 120.521484375, 289.72161865234375, 134.8933563232422, 324.6636962890625, 240.16749572753906, 293.3194274902344, 390.5997619628906, 171.34158325195312, 9360.509765625, 386.1578674316406, 1803.859619140625, 306.14312744140625, 557.3989868164062, 499.853759765625, 135.45628356933594, 267.8623352050781, 173.7171173095703, 228.53900146484375, 127.7215576171875, 86.4758071899414, 76.46526336669922, 72.09243774414062, 102.09730529785156, 568.559326171875, 458.13525390625, 2824.462646484375, 431.308349609375, 420.2982177734375, 134.3037567138672, 140.4442138671875, 407.7035217285156, 41.996028900146484, 1175.3548583984375, 165.5704345703125, 347.31201171875], "weight": [48.0, 42.0, 7.0, 13.0, 42.0, 1.0, 16.0, 4.0, 8.0, 1.0, 7.0, 2.0, 1.0, 2.0, 7.0, 1.0, 5.0, 2.0, 6.0, 7.0, 7.0, 6.0, 1.0, 16.0, 5.0, 13.0, 1.0, 7.0, 4.0, 1.0, 7.0, 1.0, 1.0, 8.0, 5.0, 3.0, 1.0, 2.0, 13.0, 3.0, 13.0, 5.0, 9.0, 3.0, 7.0, 5.0, 2.0, 9.0, 1.0, 4.0]}, "3": {"feature": ["x1", "x2", "x3", "x4", "x5", "x6", "x7", "x8", "x9", "x10", "x12", "x13", "x16", "x17", "x18", "x19", "x20", "x22", "x23", "x25", "x26", "x28", "x30", "x31", "x32", "x34", "x35", "x36", "x37", "x38", "x39", "x41", "x42", "x43", "x45", "x46", "x47", "x48", "x49", "x50", "x51", "x52", "x53", "x54", "x55", "x3_0"], "gain": [327.8373107910156, 418.5362243652344, 269.0552062988281, 228.09698486328125, 306.2049865722656, 268.393798828125, 853.1824340820312, 225.13900756835938, 1093.4501953125, 568.2643432617188, 837.1111450195312, 534.265869140625, 248.5138397216797, 216.75645446777344, 320.80987548828125, 191.6651153564453, 339.7392272949219, 219.0489501953125, 81.50260162353516, 12.406021118164062, 198.753173828125, 837.00390625, 7379.8857421875, 416.9750671386719, 2924.23486328125, 124.95342254638672, 307.5043640136719, 194.28549194335938, 98.09268951416016, 218.80801391601562, 122.8653335571289, 205.95310974121094, 194.93603515625, 157.44754028320312, 96.08939361572266, 878.7329711914062, 722.6254272460938, 6016.73876953125, 406.6289978027344, 252.03050231933594, 162.10061645507812, 133.64981079101562, 151.81275939941406, 217.31826782226562, 877.6676025390625, 218.2764892578125], "weight": [185.0, 84.0, 12.0, 6.0, 83.0, 4.0, 32.0, 2.0, 10.0, 2.0, 5.0, 1.0, 2.0, 2.0, 5.0, 6.0, 12.0, 17.0, 3.0, 1.0, 8.0, 32.0, 40.0, 4.0, 21.0, 7.0, 20.0, 1.0, 3.0, 9.0, 6.0, 9.0, 1.0, 10.0, 7.0, 22.0, 6.0, 20.0, 9.0, 14.0, 5.0, 10.0, 3.0, 14.0, 33.0, 6.0]}, "4": {"feature": ["x1", "x2", "x3", "x4", "x5", "x6", "x7", "x9", "x10", "x12", "x13", "x16", "x19", "x20", "x22", "x23", "x26", "x28", "x30", "x31", "x32", "x34", "x35", "x36", "x37", "x38", "x39", "x41", "x43", "x44", "x45", "x46", "x47", "x48", "x49", "x50", "x51", "x52", "x53", "x54", "x55", "x3_0", "x4_0"], "gain": [219.6031494140625, 320.7825012207031, 261.3598327636719, 235.21966552734375, 328.97393798828125, 42.78480529785156, 649.0196533203125, 425.544189453125, 46.74394989013672, 251.1100311279297, 344.0716552734375, 402.9595947265625, 176.21987915039062, 128.40731811523438, 179.6300811767578, 151.65155029296875, 133.0072021484375, 1436.4398193359375, 6325.08056640625, 66.8659896850586, 2805.39794921875, 120.9487533569336, 321.1929016113281, 256.09832763671875, 198.00637817382812, 211.9013214111328, 111.42988586425781, 121.61438751220703, 174.49989318847656, 132.19290161132812, 225.7098388671875, 638.36474609375, 418.3829345703125, 2998.376220703125, 515.4591064453125, 284.1318664550781, 62.547157287597656, 235.71792602539062, 327.4775390625, 194.4211883544922, 438.40081787109375, 123.58790588378906, 51.918296813964844], "weight": [183.0, 79.0, 8.0, 11.0, 88.0, 1.0, 33.0, 9.0, 1.0, 6.0, 1.0, 2.0, 2.0, 13.0, 15.0, 9.0, 15.0, 31.0, 27.0, 5.0, 13.0, 10.0, 13.0, 9.0, 1.0, 11.0, 17.0, 12.0, 21.0, 1.0, 5.0, 18.0, 8.0, 21.0, 14.0, 17.0, 2.0, 16.0, 3.0, 10.0, 35.0, 2.0, 4.0]}, "5": {"feature": ["x1", "x2", "x3", "x4", "x5", "x6", "x7", "x8", "x9", "x10", "x12", "x13", "x16", "x17", "x18", "x19", "x20", "x21", "x22", "x23", "x25", "x26", "x28", "x29", "x30", "x31", "x32", "x34", "x35", "x36", "x37", "x38", "x39", "x41", "x42", "x43", "x44", "x45", "x46", "x47", "x48", "x49", "x50", "x51", "x52", "x53", "x54", "x55", "x3_0", "x4_0"],