cv-rmse,train-rmse,val-rmse,oos-rmse,train-poisson-nloglik,val-poisson-nloglik,oos-poisson-nloglik
10.362945452075053,9.30356313455127,10.024780219826331,9.979286311618623,3.7676138712565104,4.0130072059631345,3.9140133991241455
10.410840705135042,9.421447126918018,9.62613784864056,9.975209575502637,3.778895757675171,3.914475690841675,3.9984355297088623
10.379866618475985,10.062532054831818,10.283846134586609,10.049730947226752,3.9443911940256755,4.03267965888977,4.031226930618286
10.249624972430498,9.286600289603172,9.238600454716082,10.672645606568832,3.771137243270874,3.7782793712615965,4.132866218566894
10.414850781692385,8.888695382921352,11.321817668548658,9.008734106199945,3.688724705060323,4.228872947692871,3.736358179092407
10.176083159590544,8.200049631069648,11.154794224982146,11.5593897486045,3.5575708246231077,4.175979248046875,4.283383001327515
10.16247793503492,9.337565922021161,10.176770967550244,11.229658328747005,3.796841641108195,3.9954242801666258,4.213740198135376
10.265809927252857,9.072100082395538,9.974729105461243,10.420816785163447,3.7351152108510335,3.9328162651062013,4.038001430511475
