{"0": {"feature": ["x1", "x2", "x3", "x4", "x5", "x6", "x7", "x8", "x9", "x10", "x12", "x13", "x18", "x19", "x20", "x22", "x23", "x26", "x28", "x30", "x31", "x32", "x35", "x36", "x37", "x38", "x39", "x41", "x43", "x44", "x46", "x47", "x48", "x49", "x50", "x52", "x53", "x54", "x55", "x4_0"], "gain": [243.2293243408203, 302.5545654296875, 281.0824279785156, 350.3027038574219, 444.45660400390625, 21.42139434814453, 648.24560546875, 78.78331756591797, 778.7987060546875, 176.31573486328125, 98.66436004638672, 124.10545349121094, 246.1253204345703, 68.75513458251953, 120.42738342285156, 121.2023696899414, 108.56423950195312, 163.3630828857422, 282.65325927734375, 9041.88671875, 160.21311950683594, 668.6466674804688, 268.010498046875, 208.94781494140625, 237.1949005126953, 621.4693603515625, 136.94927978515625, 73.40565490722656, 237.1942138671875, 118.35347747802734, 660.89404296875, 357.5855712890625, 5011.96435546875, 452.67425537109375, 281.0251770019531, 182.57855224609375, 290.65557861328125, 82.8059310913086, 771.5082397460938, 291.184814453125], "weight": [58.0, 43.0, 14.0, 9.0, 45.0, 1.0, 14.0, 1.0, 8.0, 1.0, 1.0, 1.0, 2.0, 2.0, 1.0, 15.0, 4.0, 3.0, 8.0, 25.0, 4.0, 12.0, 15.0, 3.0, 1.0, 8.0, 2.0, 1.0, 3.0, 1.0, 21.0, 3.0, 8.0, 8.0, 10.0, 4.0, 5.0, 3.0, 10.0, 2.0]}, "1": {"feature": ["x1", "x2", "x3", "x4", "x5", "x6", "x7", "x8", "x9", "x10", "x12", "x16", "x17", "x18", "x19", "x20", "x22", "x23", "x25", "x26", "x28", "x30", "x31", "x32", "x34", "x35", "x36", "x37", "x38", "x39", "x41", "x42", "x43", "x44", "x45", "x46", "x47", "x48", "x49", "x50", "x51", "x52", "x53", "x54", "x55", "x3_0", "x4_0"], "gain": [486.8532409667969, 444.6015625, 552.3833618164062, 687.9682006835938, 448.0901794433594, 195.07522583007812, 817.3770751953125, 240.33990478515625, 1410.124755859375, 411.30621337890625, 267.79937744140625, 54.88998794555664, 136.23638916015625, 251.8336181640625, 69.48104858398438, 344.8590393066406, 189.07183837890625, 357.9766845703125, 102.14141845703125, 69.16006469726562, 821.2577514648438, 5039.0830078125, 448.2687683105469, 1532.494140625, 133.1075897216797, 633.205078125, 451.36968994140625, 241.1858673095703, 351.1826171875, 296.1266174316406, 166.7236328125, 145.38201904296875, 176.97947692871094, 169.594970703125, 209.50437927246094, 542.424072265625, 291.9052734375, 3289.45068359375, 437.8591003417969, 359.6350402832031, 192.25604248046875, 260.6408996582031, 489.5130615234375, 240.89361572265625, 760.71826171875, 226.9377899169922, 343.8555908203125], "weight": [110.0, 64.0, 8.0, 7.0, 67.0, 4.0, 20.0, 3.0, 10.0, 2.0, 2.0, 1.0, 1.0, 5.0, 2.0, 12.0, 8.0, 4.0, 1.0, 2.0, 16.0, 37.0, 3.0, 16.0, 8.0, 13.0, 5.0, 3.0, 10.0, 6.0, 15.0, 2.0, 3.0, 2.0, 2.0, 25.0, 10.0, 14.0, 7.0, 7.0, 2.0, 9.0, 2.0, 12.0, 17.0, 3.0, 2.0]}, "2": {"feature": ["x1", "x2", "x3", "x4", "x5", "x7", "x8", "x9", "x10", "x12", "x16", "x17", "x20", "x22", "x23", "x28", "x30", "x31", "x32", "x35", "x37", "x38", "x41", "x43", "x46", "x47", "x48", "x49", "x50", "x52", "x54", "x55", "x3_0"], "gain": [784.5302124023438, 539.6617431640625, 360.77423095703125, 774.5010986328125, 656.8721923828125, 1170.9383544921875, 915.7937622070312, 961.37109375, 83.60736083984375, 1250.6094970703125, 226.0166778564453, 216.06976318359375, 414.79376220703125, 388.8584289550781, 261.539794921875, 2724.99609375, 6126.33642578125, 322.85369873046875, 2651.66748046875, 937.6803588867188, 222.154296875, 972.3471069335938, 123.34849548339844, 150.3558349609375, 979.118896484375, 599.2725219726562, 7293.90625, 10.373046875, 548.1912841796875, 229.5685272216797, 417.0042419433594, 1421.6512451171875, 263.9377746582031], "weight": [35.0, 32.0, 4.0, 2.0, 17.0, 12.0, 1.0, 10.0, 2.0, 3.0, 3.0, 2.0, 5.0, 1.0, 6.0, 11.0, 31.0, 4.0, 15.0, 5.0, 1.0, 1.0, 2.0, 1.0, 12.0, 3.0, 17.0, 1.0, 2.0, 4.0, 4.0, 15.0, 2.0]}, "3": {"feature": ["x1", "x2", "x3", "x4", "x5", "x6", "x7", "x8", "x9", "x10", "x13", "x16", "x17", "x18", "x19", "x20", "x21", "x22", "x23", "x25", "x26", "x28", "x29", "x30", "x31", "x32", "x34", "x35", "x36", "x38", "x41", "x43", "x44", "x45", "x46", "x47", "x48", "x49", "x50", "x51", "x52", "x53", "x54", "x55", "x3_0", "x4_0"], "gain": [393.1167907714844, 582.0380859375, 178.9924774169922, 467.33172607421875, 450.6782531738281, 107.47967529296875, 1770.7564697265625, 63.1546630859375, 605.87744140625, 95.79481506347656, 358.95977783203125, 1433.8302001953125, 272.9976501464844, 162.521484375, 171.81051635742188, 92.08556365966797, 29.53948974609375, 277.81011962890625, 405.2837829589844, 52.912811279296875, 276.2610168457031, 1875.613525390625, 304.4401550292969, 4783.38623046875, 268.394287109375, 3360.628662109375, 95.92000579833984, 330.43511962890625, 72.25911712646484, 507.2000427246094, 155.0614013671875, 150.07748413085938, 115.93157196044922, 124.4507064819336, 977.154052734375, 379.5201416015625, 4566.77587890625, 326.0914306640625, 345.88623046875, 255.23028564453125, 290.5262451171875, 148.90924072265625, 249.98460388183594, 698.4219970703125, 227.5205841064453, 218.75335693359375], "weight": [59.0, 34.0, 11.0, 5.0, 21.0, 3.0, 6.0, 1.0, 7.0, 2.0, 2.0, 2.0, 3.0, 1.0, 4.0, 4.0, 2.0, 6.0, 2.0, 2.0, 6.0, 10.0, 1.0, 12.0, 1.0, 8.0, 6.0, 6.0, 2.0, 1.0, 4.0, 5.0, 1.0, 3.0, 11.0, 6.0, 12.0, 8.0, 5.0, 2.0, 5.0, 4.0, 6.0, 10.0, 3.0, 3.0]}, "4": {"feature": ["x1", "x2", "x3", "x4", "x5", "x6", "x7", "x8", "x9", "x10", "x12", "x13", "x16", "x17", "x18", "x19", "x20", "x21", "x22", "x23", "x25", "x26", "x28", "x29", "x30", "x31", "x32", "x34", "x35", "x36", "x37", "x38", "x39", "x41", "x43", "x44", "x45", "x46", "x47", "x48", "x49", "x50", "x51", "x52", "x53", "x54", "x55", "x3_0", "x4_0"], "gain": [282.2841491699219, 416.50128173828125, 138.0959014892578, 160.73629760742188, 459.8570556640625, 207.12721252441406, 582.0017700195312, 184.18545532226562, 443.78448486328125, 108.99116516113281, 225.23838806152344, 64.72308349609375, 764.586669921875, 241.90309143066406, 155.54269409179688, 121.53146362304688, 157.1047821044922, 149.74728393554688, 166.5429229736328, 262.07977294921875, 11.868087768554688, 160.24395751953125, 1237.5648193359375, 108.22547912597656, 5418.85546875, 133.24105834960938, 1768.5999755859375, 206.06869506835938, 352.05084228515625, 353.94573974609375, 241.35684204101562, 257.9340515136719, 259.0089111328125, 163.93380737304688, 165.25411987304688, 25.916452407836914, 292.5538635253906, 448.98089599609375, 599.8359985351562, 3962.0869140625, 302.0110168457031, 326.40155029296875, 196.466796875, 191.20388793945312, 429.6340637207031, 165.8385009765625, 876.9214477539062, 235.28338623046875, 170.7757568359375], "weight": [163.0, 123.0, 10.0, 7.0, 137.0, 8.0, 68.0, 8.0, 32.0, 8.0, 12.0, 4.0, 5.0, 4.0, 9.0, 3.0, 31.0, 3.0, 25.0, 10.0, 1.0, 22.0, 32.0, 2.0, 64.0, 5.0, 36.0, 10.0, 19.0, 15.0, 7.0, 13.0, 13.0, 26.0, 18.0, 3.0, 6.0, 45.0, 22.0, 29.0, 12.0, 23.0, 3.0, 23.0, 11.0, 17.0, 52.0, 11.0, 5.0]}, "5": {"feature": ["x1", "x2", "x3", "x4", "x5", "x6", "x7", "x8", "x9", "x10", "x12", "x13", "x14", "x16", "x18", "x19", "x20", "x22", "x23", "x26", "x28", "x29", "x30", "x31", "x32", "x34", "x35", "x36", "x37", "x38", "x39", "x41", "x42", "x43", "x45", "x46", "x47", "x48", "x49", "x50", "x51", "x52", "x53", "x54", "x55", "x3_0", "x4_0"],